filename;start_time;end_time;orbit
C03/2022/01/S5p_SO2-COBRA_21863.nc;2022-01-01 10:19:23.582;2022-01-01 10:24:30.175;21863
C03/2022/01/S5p_SO2-COBRA_21864.nc;2022-01-01 12:00:43.528;2022-01-01 12:06:01.041;21864
C03/2022/01/S5p_SO2-COBRA_21865.nc;2022-01-01 13:42:13.554;2022-01-01 13:47:31.067;21865
C03/2022/01/S5p_SO2-COBRA_21866.nc;2022-01-01 15:23:43.100;2022-01-01 15:26:51.256;21866
C03/2022/01/S5p_SO2-COBRA_21877.nc;2022-01-02 10:00:38.061;2022-01-02 10:05:30.374;21877
C03/2022/01/S5p_SO2-COBRA_21878.nc;2022-01-02 11:41:42.047;2022-01-02 11:47:00.400;21878
C03/2022/01/S5p_SO2-COBRA_21879.nc;2022-01-02 13:23:11.833;2022-01-02 13:28:25.986;21879
C03/2022/01/S5p_SO2-COBRA_21880.nc;2022-01-02 15:04:41.858;2022-01-02 15:08:19.413;21880
C03/2022/01/S5p_SO2-COBRA_21891.nc;2022-01-03 09:42:00.857;2022-01-03 09:46:30.491;21891
C03/2022/01/S5p_SO2-COBRA_21892.nc;2022-01-03 11:22:40.844;2022-01-03 11:28:00.877;21892
C03/2022/01/S5p_SO2-COBRA_21893.nc;2022-01-03 13:04:10.030;2022-01-03 13:08:47.224;21893
C03/2022/01/S5p_SO2-COBRA_21894.nc;2022-01-03 14:45:40.386;2022-01-03 14:49:48.180;21894
C03/2022/01/S5p_SO2-COBRA_21905.nc;2022-01-04 09:23:29.262;2022-01-04 09:27:31.177;21905
C03/2022/01/S5p_SO2-COBRA_21906.nc;2022-01-04 11:03:39.130;2022-01-04 11:09:00.843;21906
C03/2022/01/S5p_SO2-COBRA_21907.nc;2022-01-04 12:45:09.155;2022-01-04 12:50:30.868;21907
C03/2022/01/S5p_SO2-COBRA_21908.nc;2022-01-04 14:26:38.341;2022-01-04 14:31:15.535;21908
C03/2022/01/S5p_SO2-COBRA_21919.nc;2022-01-05 09:06:04.777;2022-01-05 09:08:11.614;21919
C03/2022/01/S5p_SO2-COBRA_21920.nc;2022-01-05 10:44:37.687;2022-01-05 10:50:01.080;21920
C03/2022/01/S5p_SO2-COBRA_21921.nc;2022-01-05 12:26:06.873;2022-01-05 12:31:31.105;21921
C03/2022/01/S5p_SO2-COBRA_21922.nc;2022-01-05 14:07:37.499;2022-01-05 14:12:20.572;21922
C03/2022/01/S5p_SO2-COBRA_21923.nc;2022-01-05 15:49:07.285;2022-01-05 15:51:44.361;21923
C03/2022/01/S5p_SO2-COBRA_21934.nc;2022-01-06 10:25:42.365;2022-01-06 10:30:50.638;21934
C03/2022/01/S5p_SO2-COBRA_21935.nc;2022-01-06 12:07:05.911;2022-01-06 12:12:31.824;21935
C03/2022/01/S5p_SO2-COBRA_21936.nc;2022-01-06 13:48:35.937;2022-01-06 13:53:52.610;21936
C03/2022/01/S5p_SO2-COBRA_21937.nc;2022-01-06 15:30:05.723;2022-01-06 15:33:10.518;21937
C03/2022/01/S5p_SO2-COBRA_21948.nc;2022-01-07 10:06:54.003;2022-01-07 10:11:47.997;21948
C03/2022/01/S5p_SO2-COBRA_21949.nc;2022-01-07 11:48:04.349;2022-01-07 11:53:32.782;21949
C03/2022/01/S5p_SO2-COBRA_21950.nc;2022-01-07 13:29:34.375;2022-01-07 13:34:45.168;21950
C03/2022/01/S5p_SO2-COBRA_21951.nc;2022-01-07 15:11:03.561;2022-01-07 15:14:44.476;21951
C03/2022/01/S5p_SO2-COBRA_21962.nc;2022-01-08 09:48:14.240;2022-01-08 09:53:03.193;21962
C03/2022/01/S5p_SO2-COBRA_21963.nc;2022-01-08 11:29:02.266;2022-01-08 11:34:33.219;21963
C03/2022/01/S5p_SO2-COBRA_21964.nc;2022-01-08 13:10:32.292;2022-01-08 13:15:47.285;21964
C03/2022/01/S5p_SO2-COBRA_21965.nc;2022-01-08 14:52:02.318;2022-01-08 14:56:11.792;21965
C03/2022/01/S5p_SO2-COBRA_21976.nc;2022-01-09 09:29:40.994;2022-01-09 09:34:03.908;21976
C03/2022/01/S5p_SO2-COBRA_21977.nc;2022-01-09 11:10:01.301;2022-01-09 11:15:28.054;21977
C03/2022/01/S5p_SO2-COBRA_21978.nc;2022-01-09 12:51:31.087;2022-01-09 12:57:03.720;21978
C03/2022/01/S5p_SO2-COBRA_21979.nc;2022-01-09 14:33:00.633;2022-01-09 14:37:35.307;21979
C03/2022/01/S5p_SO2-COBRA_21990.nc;2022-01-10 09:11:27.188;2022-01-10 09:15:04.743;21990
C03/2022/01/S5p_SO2-COBRA_21991.nc;2022-01-10 10:51:03.816;2022-01-10 10:56:34.768;21991
C03/2022/01/S5p_SO2-COBRA_21992.nc;2022-01-10 12:32:29.641;2022-01-10 12:38:04.793;21992
C03/2022/01/S5p_SO2-COBRA_21993.nc;2022-01-10 14:13:59.186;2022-01-10 14:19:08.299;21993
C03/2022/01/S5p_SO2-COBRA_21994.nc;2022-01-10 15:55:29.212;2022-01-10 15:57:18.409;21994
C03/2022/01/S5p_SO2-COBRA_22004.nc;2022-01-11 08:55:15.017;2022-01-11 08:56:05.416;22004
C03/2022/01/S5p_SO2-COBRA_22005.nc;2022-01-11 10:32:01.128;2022-01-11 10:37:30.401;22005
C03/2022/01/S5p_SO2-COBRA_22006.nc;2022-01-11 12:13:27.793;2022-01-11 12:19:06.306;22006
C03/2022/01/S5p_SO2-COBRA_22007.nc;2022-01-11 13:54:58.059;2022-01-11 14:00:34.051;22007
C03/2022/01/S5p_SO2-COBRA_22008.nc;2022-01-11 15:36:27.604;2022-01-11 15:39:44.160;22008
C03/2022/01/S5p_SO2-COBRA_22019.nc;2022-01-12 10:13:10.360;2022-01-12 10:18:37.113;22019
C03/2022/01/S5p_SO2-COBRA_22020.nc;2022-01-12 11:54:26.106;2022-01-12 12:00:05.459;22020
C03/2022/01/S5p_SO2-COBRA_22021.nc;2022-01-12 13:35:56.131;2022-01-12 13:41:37.164;22021
C03/2022/01/S5p_SO2-COBRA_22022.nc;2022-01-12 15:17:26.157;2022-01-12 15:21:12.112;22022
C03/2022/01/S5p_SO2-COBRA_22033.nc;2022-01-13 09:54:27.393;2022-01-13 09:59:38.186;22033
C03/2022/01/S5p_SO2-COBRA_22034.nc;2022-01-13 11:35:24.299;2022-01-13 11:41:08.691;22034
C03/2022/01/S5p_SO2-COBRA_22035.nc;2022-01-13 13:16:54.444;2022-01-13 13:22:38.837;22035
C03/2022/01/S5p_SO2-COBRA_22036.nc;2022-01-13 14:58:24.710;2022-01-13 15:02:38.384;22036
C03/2022/01/S5p_SO2-COBRA_22047.nc;2022-01-14 09:35:54.424;2022-01-14 09:40:34.138;22047
C03/2022/01/S5p_SO2-COBRA_22048.nc;2022-01-14 11:16:23.130;2022-01-14 11:21:52.403;22048
C03/2022/01/S5p_SO2-COBRA_22049.nc;2022-01-14 12:57:53.036;2022-01-14 13:03:39.948;22049
C03/2022/01/S5p_SO2-COBRA_22050.nc;2022-01-14 14:39:22.582;2022-01-14 14:44:05.655;22050
C03/2022/01/S5p_SO2-COBRA_22061.nc;2022-01-15 09:17:22.853;2022-01-15 09:21:41.568;22061
C03/2022/01/S5p_SO2-COBRA_22062.nc;2022-01-15 10:57:21.320;2022-01-15 11:03:11.592;22062
C03/2022/01/S5p_SO2-COBRA_22063.nc;2022-01-15 12:38:50.985;2022-01-15 12:44:41.258;22063
C03/2022/01/S5p_SO2-COBRA_22064.nc;2022-01-15 14:20:20.891;2022-01-15 14:25:35.044;22064
C03/2022/01/S5p_SO2-COBRA_22065.nc;2022-01-15 16:01:50.916;2022-01-15 16:04:25.473;22065
C03/2022/01/S5p_SO2-COBRA_22075.nc;2022-01-16 09:01:05.679;2022-01-16 09:02:42.277;22075
C03/2022/01/S5p_SO2-COBRA_22076.nc;2022-01-16 10:38:21.550;2022-01-16 10:44:13.502;22076
C03/2022/01/S5p_SO2-COBRA_22077.nc;2022-01-16 12:19:50.135;2022-01-16 12:25:42.927;22077
C03/2022/01/S5p_SO2-COBRA_22078.nc;2022-01-16 14:01:19.320;2022-01-16 14:06:51.952;22078
C03/2022/01/S5p_SO2-COBRA_22079.nc;2022-01-16 15:42:49.825;2022-01-16 15:46:15.620;22079
C03/2022/01/S5p_SO2-COBRA_22090.nc;2022-01-17 10:19:27.538;2022-01-17 10:25:13.610;22090
C03/2022/01/S5p_SO2-COBRA_22091.nc;2022-01-17 12:00:48.323;2022-01-17 12:06:45.315;22091
C03/2022/01/S5p_SO2-COBRA_22092.nc;2022-01-17 13:42:18.349;2022-01-17 13:48:15.341;22092
C03/2022/01/S5p_SO2-COBRA_22093.nc;2022-01-17 15:23:47.534;2022-01-17 15:27:41.049;22093
C03/2022/01/S5p_SO2-COBRA_22104.nc;2022-01-18 10:00:42.769;2022-01-18 10:06:17.081;22104
C03/2022/01/S5p_SO2-COBRA_22105.nc;2022-01-18 11:41:46.514;2022-01-18 11:47:46.866;22105
C03/2022/01/S5p_SO2-COBRA_22106.nc;2022-01-18 13:23:16.059;2022-01-18 13:29:17.251;22106
C03/2022/01/S5p_SO2-COBRA_22107.nc;2022-01-18 15:04:46.085;2022-01-18 15:09:08.999;22107
C03/2022/01/S5p_SO2-COBRA_22118.nc;2022-01-19 09:42:04.717;2022-01-19 09:47:18.870;22118
C03/2022/01/S5p_SO2-COBRA_22119.nc;2022-01-19 11:22:45.183;2022-01-19 11:28:48.895;22119
C03/2022/01/S5p_SO2-COBRA_22120.nc;2022-01-19 13:04:15.208;2022-01-19 13:10:18.920;22120
C03/2022/01/S5p_SO2-COBRA_22121.nc;2022-01-19 14:45:44.994;2022-01-19 14:50:33.947;22121
C03/2022/01/S5p_SO2-COBRA_22132.nc;2022-01-20 09:23:33.385;2022-01-20 09:28:20.659;22132
C03/2022/01/S5p_SO2-COBRA_22133.nc;2022-01-20 11:03:43.252;2022-01-20 11:09:51.164;22133
C03/2022/01/S5p_SO2-COBRA_22134.nc;2022-01-20 12:45:13.277;2022-01-20 12:51:21.189;22134
C03/2022/01/S5p_SO2-COBRA_22135.nc;2022-01-20 14:26:43.302;2022-01-20 14:31:58.295;22135
C03/2022/01/S5p_SO2-COBRA_22146.nc;2022-01-21 09:06:08.092;2022-01-21 09:09:17.088;22146
C03/2022/01/S5p_SO2-COBRA_22147.nc;2022-01-21 10:44:42.682;2022-01-21 10:50:53.113;22147
C03/2022/01/S5p_SO2-COBRA_22148.nc;2022-01-21 12:26:11.267;2022-01-21 12:32:07.419;22148
C03/2022/01/S5p_SO2-COBRA_22149.nc;2022-01-21 14:07:41.292;2022-01-21 14:13:29.884;22149
C03/2022/01/S5p_SO2-COBRA_22150.nc;2022-01-21 15:49:11.317;2022-01-21 15:52:48.872;22150
C03/2022/01/S5p_SO2-COBRA_22160.nc;2022-01-22 08:49:42.398;2022-01-22 08:50:08.438;22160
C03/2022/01/S5p_SO2-COBRA_22161.nc;2022-01-22 10:25:46.511;2022-01-22 10:31:55.262;22161
C03/2022/01/S5p_SO2-COBRA_22162.nc;2022-01-22 12:07:09.816;2022-01-22 12:13:23.607;22162
C03/2022/01/S5p_SO2-COBRA_22163.nc;2022-01-22 13:48:39.841;2022-01-22 13:54:55.313;22163
C03/2022/01/S5p_SO2-COBRA_22164.nc;2022-01-22 15:30:09.866;2022-01-22 15:34:16.821;22164
C03/2022/01/S5p_SO2-COBRA_22175.nc;2022-01-23 10:06:57.899;2022-01-23 10:12:54.891;22175
C03/2022/01/S5p_SO2-COBRA_22176.nc;2022-01-23 11:48:08.604;2022-01-23 11:54:28.276;22176
C03/2022/01/S5p_SO2-COBRA_22177.nc;2022-01-23 13:29:38.390;2022-01-23 13:35:49.661;22177
C03/2022/01/S5p_SO2-COBRA_22178.nc;2022-01-23 15:11:07.575;2022-01-23 15:15:38.889;22178
C03/2022/01/S5p_SO2-COBRA_22189.nc;2022-01-24 09:48:17.687;2022-01-24 09:53:52.840;22189
C03/2022/01/S5p_SO2-COBRA_22190.nc;2022-01-24 11:29:06.793;2022-01-24 11:35:30.665;22190
C03/2022/01/S5p_SO2-COBRA_22191.nc;2022-01-24 13:10:36.458;2022-01-24 13:17:00.330;22191
C03/2022/01/S5p_SO2-COBRA_22192.nc;2022-01-24 14:52:06.484;2022-01-24 14:57:02.997;22192
C03/2022/01/S5p_SO2-COBRA_22203.nc;2022-01-25 09:29:44.193;2022-01-25 09:34:55.826;22203
C03/2022/01/S5p_SO2-COBRA_22204.nc;2022-01-25 11:10:04.860;2022-01-25 11:16:32.931;22204
C03/2022/01/S5p_SO2-COBRA_22205.nc;2022-01-25 12:51:35.125;2022-01-25 12:58:03.196;22205
C03/2022/01/S5p_SO2-COBRA_22206.nc;2022-01-25 14:33:04.310;2022-01-25 14:38:33.583;22206
C03/2022/01/S5p_SO2-COBRA_22217.nc;2022-01-26 09:11:29.658;2022-01-26 09:16:00.132;22217
C03/2022/01/S5p_SO2-COBRA_22218.nc;2022-01-26 10:51:03.285;2022-01-26 10:57:35.556;22218
C03/2022/01/S5p_SO2-COBRA_22219.nc;2022-01-26 12:32:32.830;2022-01-26 12:39:05.941;22219
C03/2022/01/S5p_SO2-COBRA_22220.nc;2022-01-26 14:14:04.295;2022-01-26 14:20:02.127;22220
C03/2022/01/S5p_SO2-COBRA_22221.nc;2022-01-26 15:55:32.640;2022-01-26 15:59:23.635;22221
C03/2022/01/S5p_SO2-COBRA_22231.nc;2022-01-27 08:55:34.158;2022-01-27 08:56:22.037;22231
C03/2022/01/S5p_SO2-COBRA_22232.nc;2022-01-27 10:32:05.149;2022-01-27 10:38:38.260;22232
C03/2022/01/S5p_SO2-COBRA_22233.nc;2022-01-27 12:13:31.334;2022-01-27 12:20:08.645;22233
C03/2022/01/S5p_SO2-COBRA_22234.nc;2022-01-27 13:55:01.479;2022-01-27 14:01:30.390;22234
C03/2022/01/S5p_SO2-COBRA_22235.nc;2022-01-27 15:36:30.904;2022-01-27 15:40:53.818;22235
C03/2022/01/S5p_SO2-COBRA_22246.nc;2022-01-28 10:13:14.130;2022-01-28 10:19:41.361;22246
C03/2022/01/S5p_SO2-COBRA_22247.nc;2022-01-28 11:54:29.875;2022-01-28 12:01:08.866;22247
C03/2022/01/S5p_SO2-COBRA_22248.nc;2022-01-28 13:35:59.659;2022-01-28 13:42:41.170;22248
C03/2022/01/S5p_SO2-COBRA_22249.nc;2022-01-28 15:17:29.204;2022-01-28 15:22:18.998;22249
C03/2022/01/S5p_SO2-COBRA_22260.nc;2022-01-29 09:54:31.419;2022-01-29 10:00:40.171;22260
C03/2022/01/S5p_SO2-COBRA_22261.nc;2022-01-29 11:35:28.085;2022-01-29 11:41:39.356;22261
C03/2022/01/S5p_SO2-COBRA_22262.nc;2022-01-29 13:16:58.109;2022-01-29 13:23:44.660;22262
C03/2022/01/S5p_SO2-COBRA_22263.nc;2022-01-29 14:58:28.134;2022-01-29 15:03:38.927;22263
C03/2022/01/S5p_SO2-COBRA_22274.nc;2022-01-30 09:35:55.758;2022-01-30 09:41:01.511;22274
C03/2022/01/S5p_SO2-COBRA_22275.nc;2022-01-30 11:16:26.384;2022-01-30 11:23:17.134;22275
C03/2022/01/S5p_SO2-COBRA_22276.nc;2022-01-30 12:57:56.648;2022-01-30 13:04:47.399;22276
C03/2022/01/S5p_SO2-COBRA_22277.nc;2022-01-30 14:39:25.833;2022-01-30 14:45:09.385;22277
C03/2022/01/S5p_SO2-COBRA_22288.nc;2022-01-31 09:18:22.613;2022-01-31 09:22:43.848;22288
C03/2022/01/S5p_SO2-COBRA_22289.nc;2022-01-31 10:57:26.961;2022-01-31 11:04:20.232;22289
C03/2022/01/S5p_SO2-COBRA_22290.nc;2022-01-31 12:38:55.066;2022-01-31 12:45:50.856;22290
C03/2022/01/S5p_SO2-COBRA_22291.nc;2022-01-31 14:20:24.730;2022-01-31 14:26:30.962;22291
C03/2022/01/S5p_SO2-COBRA_22292.nc;2022-01-31 16:01:54.754;2022-01-31 16:04:23.431;22292
C03/2022/02/S5p_SO2-COBRA_22302.nc;2022-02-01 09:00:45.388;2022-02-01 09:03:44.304;22302
C03/2022/02/S5p_SO2-COBRA_22303.nc;2022-02-01 10:38:24.418;2022-02-01 10:45:16.848;22303
C03/2022/02/S5p_SO2-COBRA_22304.nc;2022-02-01 12:19:52.642;2022-02-01 12:26:32.473;22304
C03/2022/02/S5p_SO2-COBRA_22305.nc;2022-02-01 14:01:22.547;2022-02-01 14:08:02.378;22305
C03/2022/02/S5p_SO2-COBRA_22306.nc;2022-02-01 15:42:52.571;2022-02-01 15:47:28.925;22306
C03/2022/02/S5p_SO2-COBRA_22316.nc;2022-02-02 08:44:06.121;2022-02-02 08:44:29.641;22316
C03/2022/02/S5p_SO2-COBRA_22317.nc;2022-02-02 10:19:30.994;2022-02-02 10:26:25.105;22317
C03/2022/02/S5p_SO2-COBRA_22318.nc;2022-02-02 12:00:50.939;2022-02-02 12:07:56.809;22318
C03/2022/02/S5p_SO2-COBRA_22319.nc;2022-02-02 13:42:21.443;2022-02-02 13:49:23.954;22319
C03/2022/02/S5p_SO2-COBRA_22320.nc;2022-02-02 15:23:50.748;2022-02-02 15:28:58.181;22320
C03/2022/02/S5p_SO2-COBRA_22331.nc;2022-02-03 10:00:45.490;2022-02-03 10:07:30.361;22331
C03/2022/02/S5p_SO2-COBRA_22332.nc;2022-02-03 11:41:49.715;2022-02-03 11:48:59.785;22332
C03/2022/02/S5p_SO2-COBRA_22333.nc;2022-02-03 13:23:19.739;2022-02-03 13:30:28.969;22333
C03/2022/02/S5p_SO2-COBRA_22334.nc;2022-02-03 15:04:49.403;2022-02-03 15:10:22.036;22334
C03/2022/02/S5p_SO2-COBRA_22345.nc;2022-02-04 09:42:08.145;2022-02-04 09:48:33.696;22345
C03/2022/02/S5p_SO2-COBRA_22346.nc;2022-02-04 11:22:48.130;2022-02-04 11:29:30.481;22346
C03/2022/02/S5p_SO2-COBRA_22347.nc;2022-02-04 13:04:17.794;2022-02-04 13:11:34.584;22347
C03/2022/02/S5p_SO2-COBRA_22348.nc;2022-02-04 14:45:47.819;2022-02-04 14:51:44.810;22348
C03/2022/02/S5p_SO2-COBRA_22359.nc;2022-02-05 09:23:36.319;2022-02-05 09:29:27.431;22359
C03/2022/02/S5p_SO2-COBRA_22360.nc;2022-02-05 11:03:45.945;2022-02-05 11:11:07.775;22360
C03/2022/02/S5p_SO2-COBRA_22361.nc;2022-02-05 12:45:15.969;2022-02-05 12:52:08.400;22361
C03/2022/02/S5p_SO2-COBRA_22362.nc;2022-02-05 14:26:45.634;2022-02-05 14:33:04.465;22362
C03/2022/02/S5p_SO2-COBRA_22373.nc;2022-02-06 09:06:09.412;2022-02-06 09:10:34.846;22373
C03/2022/02/S5p_SO2-COBRA_22374.nc;2022-02-06 10:44:44.721;2022-02-06 10:52:03.191;22374
C03/2022/02/S5p_SO2-COBRA_22375.nc;2022-02-06 12:26:13.905;2022-02-06 12:33:41.615;22375
C03/2022/02/S5p_SO2-COBRA_22376.nc;2022-02-06 14:07:43.689;2022-02-06 14:14:26.880;22376
C03/2022/02/S5p_SO2-COBRA_22377.nc;2022-02-06 15:49:13.714;2022-02-06 15:53:56.787;22377
C03/2022/02/S5p_SO2-COBRA_22387.nc;2022-02-07 08:49:39.624;2022-02-07 08:51:24.622;22387
C03/2022/02/S5p_SO2-COBRA_22388.nc;2022-02-07 10:25:48.776;2022-02-07 10:33:05.566;22388
C03/2022/02/S5p_SO2-COBRA_22389.nc;2022-02-07 12:07:12.920;2022-02-07 12:14:44.830;22389
C03/2022/02/S5p_SO2-COBRA_22390.nc;2022-02-07 13:48:42.104;2022-02-07 13:56:02.254;22390
C03/2022/02/S5p_SO2-COBRA_22391.nc;2022-02-07 15:30:11.889;2022-02-07 15:35:36.961;22391
C03/2022/02/S5p_SO2-COBRA_22402.nc;2022-02-08 10:06:59.909;2022-02-08 10:14:10.820;22402
C03/2022/02/S5p_SO2-COBRA_22403.nc;2022-02-08 11:48:10.734;2022-02-08 11:55:48.524;22403
C03/2022/02/S5p_SO2-COBRA_22404.nc;2022-02-08 13:29:40.998;2022-02-08 13:37:18.788;22404
C03/2022/02/S5p_SO2-COBRA_22405.nc;2022-02-08 15:11:10.182;2022-02-08 15:17:01.294;22405
C03/2022/02/S5p_SO2-COBRA_22416.nc;2022-02-09 09:48:20.163;2022-02-09 09:55:22.674;22416
C03/2022/02/S5p_SO2-COBRA_22417.nc;2022-02-09 11:29:09.029;2022-02-09 11:36:52.698;22417
C03/2022/02/S5p_SO2-COBRA_22418.nc;2022-02-09 13:10:39.053;2022-02-09 13:18:22.722;22418
C03/2022/02/S5p_SO2-COBRA_22419.nc;2022-02-09 14:52:08.237;2022-02-09 14:58:26.229;22419
C03/2022/02/S5p_SO2-COBRA_22430.nc;2022-02-10 09:29:46.417;2022-02-10 09:36:23.729;22430
C03/2022/02/S5p_SO2-COBRA_22431.nc;2022-02-10 11:10:07.203;2022-02-10 11:17:29.873;22431
C03/2022/02/S5p_SO2-COBRA_22432.nc;2022-02-10 12:51:37.228;2022-02-10 12:59:26.777;22432
C03/2022/02/S5p_SO2-COBRA_22433.nc;2022-02-10 14:33:07.252;2022-02-10 14:39:19.364;22433
C03/2022/02/S5p_SO2-COBRA_22444.nc;2022-02-11 09:11:30.521;2022-02-11 09:17:21.633;22444
C03/2022/02/S5p_SO2-COBRA_22445.nc;2022-02-11 10:51:05.108;2022-02-11 10:58:59.697;22445
C03/2022/02/S5p_SO2-COBRA_22446.nc;2022-02-11 12:32:35.372;2022-02-11 12:40:30.801;22446
C03/2022/02/S5p_SO2-COBRA_22447.nc;2022-02-11 14:14:05.156;2022-02-11 14:21:13.547;22447
C03/2022/02/S5p_SO2-COBRA_22448.nc;2022-02-11 15:55:35.181;2022-02-11 16:00:56.054;22448
C03/2022/02/S5p_SO2-COBRA_22458.nc;2022-02-12 08:55:12.491;2022-02-12 08:57:56.288;22458
C03/2022/02/S5p_SO2-COBRA_22459.nc;2022-02-12 10:32:06.642;2022-02-12 10:40:03.751;22459
C03/2022/02/S5p_SO2-COBRA_22460.nc;2022-02-12 12:13:33.426;2022-02-12 12:21:34.735;22460
C03/2022/02/S5p_SO2-COBRA_22461.nc;2022-02-12 13:55:03.450;2022-02-12 14:02:39.560;22461
C03/2022/02/S5p_SO2-COBRA_22462.nc;2022-02-12 15:36:33.475;2022-02-12 15:42:22.067;22462
C03/2022/02/S5p_SO2-COBRA_22472.nc;2022-02-13 08:38:20.500;2022-02-13 08:39:37.779;22472
C03/2022/02/S5p_SO2-COBRA_22473.nc;2022-02-13 10:13:15.253;2022-02-13 10:20:55.563;22473
C03/2022/02/S5p_SO2-COBRA_22474.nc;2022-02-13 11:54:31.358;2022-02-13 12:02:38.547;22474
C03/2022/02/S5p_SO2-COBRA_22475.nc;2022-02-13 13:36:01.382;2022-02-13 13:43:52.611;22475
C03/2022/02/S5p_SO2-COBRA_22476.nc;2022-02-13 15:17:31.646;2022-02-13 15:23:45.437;22476
C03/2022/02/S5p_SO2-COBRA_22487.nc;2022-02-14 09:54:33.223;2022-02-14 10:02:08.493;22487
C03/2022/02/S5p_SO2-COBRA_22488.nc;2022-02-14 11:35:30.008;2022-02-14 11:43:35.517;22488
C03/2022/02/S5p_SO2-COBRA_22489.nc;2022-02-14 13:16:59.672;2022-02-14 13:25:12.741;22489
C03/2022/02/S5p_SO2-COBRA_22490.nc;2022-02-14 14:58:29.936;2022-02-14 15:04:38.688;22490
C03/2022/02/S5p_SO2-COBRA_22501.nc;2022-02-15 09:35:57.594;2022-02-15 09:43:16.904;22501
C03/2022/02/S5p_SO2-COBRA_22502.nc;2022-02-15 11:16:27.739;2022-02-15 11:24:34.088;22502
C03/2022/02/S5p_SO2-COBRA_22503.nc;2022-02-15 12:57:58.123;2022-02-15 13:05:55.232;22503
C03/2022/02/S5p_SO2-COBRA_22504.nc;2022-02-15 14:39:27.427;2022-02-15 14:46:27.418;22504
C03/2022/02/S5p_SO2-COBRA_22515.nc;2022-02-16 09:17:27.323;2022-02-16 09:24:21.433;22515
C03/2022/02/S5p_SO2-COBRA_22516.nc;2022-02-16 10:57:26.029;2022-02-16 11:05:12.218;22516
C03/2022/02/S5p_SO2-COBRA_22517.nc;2022-02-16 12:38:56.053;2022-02-16 12:47:21.721;22517
C03/2022/02/S5p_SO2-COBRA_22518.nc;2022-02-16 14:20:26.077;2022-02-16 14:27:54.627;22518
C03/2022/02/S5p_SO2-COBRA_22519.nc;2022-02-16 16:01:56.221;2022-02-16 16:04:20.698;22519
C03/2022/02/S5p_SO2-COBRA_22529.nc;2022-02-17 09:00:50.090;2022-02-17 09:05:07.124;22529
C03/2022/02/S5p_SO2-COBRA_22530.nc;2022-02-17 10:38:26.239;2022-02-17 10:46:47.707;22530
C03/2022/02/S5p_SO2-COBRA_22531.nc;2022-02-17 12:19:54.222;2022-02-17 12:28:25.771;22531
C03/2022/02/S5p_SO2-COBRA_22532.nc;2022-02-17 14:01:24.486;2022-02-17 14:09:19.076;22532
C03/2022/02/S5p_SO2-COBRA_22533.nc;2022-02-17 15:42:54.030;2022-02-17 15:49:06.142;22533
C03/2022/02/S5p_SO2-COBRA_22543.nc;2022-02-18 08:44:27.534;2022-02-18 08:45:51.532;22543
C03/2022/02/S5p_SO2-COBRA_22544.nc;2022-02-18 10:19:32.366;2022-02-18 10:28:00.555;22544
C03/2022/02/S5p_SO2-COBRA_22545.nc;2022-02-18 12:00:52.550;2022-02-18 12:09:30.819;22545
C03/2022/02/S5p_SO2-COBRA_22546.nc;2022-02-18 13:42:22.574;2022-02-18 13:50:13.804;22546
C03/2022/02/S5p_SO2-COBRA_22547.nc;2022-02-18 15:23:51.758;2022-02-18 15:30:21.509;22547
C03/2022/02/S5p_SO2-COBRA_22557.nc;2022-02-19 08:26:59.419;2022-02-19 08:27:28.818;22557
C03/2022/02/S5p_SO2-COBRA_22558.nc;2022-02-19 10:00:45.772;2022-02-19 10:09:04.721;22558
C03/2022/02/S5p_SO2-COBRA_22559.nc;2022-02-19 11:41:50.717;2022-02-19 11:50:31.505;22559
C03/2022/02/S5p_SO2-COBRA_22560.nc;2022-02-19 13:23:20.501;2022-02-19 13:30:54.090;22560
C03/2022/02/S5p_SO2-COBRA_22561.nc;2022-02-19 15:04:50.524;2022-02-19 15:11:11.875;22561
C03/2022/02/S5p_SO2-COBRA_22572.nc;2022-02-20 09:42:08.778;2022-02-20 09:49:17.169;22572
C03/2022/02/S5p_SO2-COBRA_22574.nc;2022-02-20 13:04:18.787;2022-02-20 13:13:09.655;22574
C03/2022/02/S5p_SO2-COBRA_22575.nc;2022-02-20 14:45:48.090;2022-02-20 14:53:13.280;22575
C03/2022/02/S5p_SO2-COBRA_22586.nc;2022-02-21 09:23:37.423;2022-02-21 09:30:23.974;22586
C03/2022/02/S5p_SO2-COBRA_22588.nc;2022-02-21 12:45:16.432;2022-02-21 12:54:08.140;22588
C03/2022/02/S5p_SO2-COBRA_22589.nc;2022-02-21 14:26:46.936;2022-02-21 14:34:36.485;22589
C03/2022/02/S5p_SO2-COBRA_22600.nc;2022-02-22 09:06:09.864;2022-02-22 09:12:13.576;22600
C03/2022/02/S5p_SO2-COBRA_22601.nc;2022-02-22 10:44:45.532;2022-02-22 10:52:16.601;22601
C03/2022/02/S5p_SO2-COBRA_22603.nc;2022-02-22 14:07:44.619;2022-02-22 14:15:59.368;22603
C03/2022/02/S5p_SO2-COBRA_22604.nc;2022-02-22 15:49:14.882;2022-02-22 15:55:45.473;22604
C03/2022/02/S5p_SO2-COBRA_22614.nc;2022-02-23 08:49:38.235;2022-02-23 08:52:59.831;22614
C03/2022/02/S5p_SO2-COBRA_22615.nc;2022-02-23 10:25:49.306;2022-02-23 10:34:52.773;22615
C03/2022/02/S5p_SO2-COBRA_22616.nc;2022-02-23 12:07:12.970;2022-02-23 12:16:23.157;22616
C03/2022/02/S5p_SO2-COBRA_22617.nc;2022-02-23 13:48:42.633;2022-02-23 13:57:21.741;22617
C03/2022/02/S5p_SO2-COBRA_22618.nc;2022-02-23 15:30:12.896;2022-02-23 15:37:12.047;22618
C03/2022/02/S5p_SO2-COBRA_22628.nc;2022-02-24 08:33:00.396;2022-02-24 08:33:52.475;22628
C03/2022/02/S5p_SO2-COBRA_22629.nc;2022-02-24 10:07:00.190;2022-02-24 10:15:45.178;22629
C03/2022/02/S5p_SO2-COBRA_22630.nc;2022-02-24 11:48:11.133;2022-02-24 11:57:28.041;22630
C03/2022/02/S5p_SO2-COBRA_22631.nc;2022-02-24 13:29:40.917;2022-02-24 13:38:17.505;22631
C03/2022/02/S5p_SO2-COBRA_22632.nc;2022-02-24 15:11:10.940;2022-02-24 15:18:00.851;22632
C03/2022/02/S5p_SO2-COBRA_22642.nc;2022-02-25 08:15:02.637;2022-02-25 08:15:26.996;22642
C03/2022/02/S5p_SO2-COBRA_22643.nc;2022-02-25 09:48:19.952;2022-02-25 09:57:02.420;22643
C03/2022/02/S5p_SO2-COBRA_22644.nc;2022-02-25 11:29:09.296;2022-02-25 11:38:32.923;22644
C03/2022/02/S5p_SO2-COBRA_22645.nc;2022-02-25 13:10:39.319;2022-02-25 13:20:02.946;22645
C03/2022/02/S5p_SO2-COBRA_22646.nc;2022-02-25 14:52:08.862;2022-02-25 14:59:59.252;22646
C03/2022/02/S5p_SO2-COBRA_22657.nc;2022-02-26 09:29:46.913;2022-02-26 09:38:06.702;22657
C03/2022/02/S5p_SO2-COBRA_22658.nc;2022-02-26 11:10:07.458;2022-02-26 11:19:36.125;22658
C03/2022/02/S5p_SO2-COBRA_22659.nc;2022-02-26 12:51:36.881;2022-02-26 13:01:08.068;22659
C03/2022/02/S5p_SO2-COBRA_22660.nc;2022-02-26 14:33:06.905;2022-02-26 14:41:19.973;22660
C03/2022/02/S5p_SO2-COBRA_22671.nc;2022-02-27 09:11:29.953;2022-02-27 09:19:11.942;22671
C03/2022/02/S5p_SO2-COBRA_22672.nc;2022-02-27 10:51:05.258;2022-02-27 11:00:42.325;22672
C03/2022/02/S5p_SO2-COBRA_22673.nc;2022-02-27 12:32:34.922;2022-02-27 12:42:03.589;22673
C03/2022/02/S5p_SO2-COBRA_22674.nc;2022-02-27 14:14:04.945;2022-02-27 14:22:07.934;22674
C03/2022/02/S5p_SO2-COBRA_22675.nc;2022-02-27 15:55:34.968;2022-02-27 16:02:36.638;22675
C03/2022/02/S5p_SO2-COBRA_22685.nc;2022-02-28 08:55:16.830;2022-02-28 09:00:15.023;22685
C03/2022/02/S5p_SO2-COBRA_22686.nc;2022-02-28 10:32:07.379;2022-02-28 10:41:46.966;22686
C03/2022/02/S5p_SO2-COBRA_22687.nc;2022-02-28 12:13:33.802;2022-02-28 12:23:17.589;22687
C03/2022/02/S5p_SO2-COBRA_22688.nc;2022-02-28 13:55:03.225;2022-02-28 14:04:02.493;22688
C03/2022/02/S5p_SO2-COBRA_22689.nc;2022-02-28 15:36:33.248;2022-02-28 15:44:03.478;22689
C03/2022/03/S5p_SO2-COBRA_22699.nc;2022-03-01 08:39:23.385;2022-03-01 08:41:20.982;22699
C03/2022/03/S5p_SO2-COBRA_22700.nc;2022-03-01 10:13:15.618;2022-03-01 10:22:48.485;22700
C03/2022/03/S5p_SO2-COBRA_22701.nc;2022-03-01 11:54:31.362;2022-03-01 12:04:21.868;22701
C03/2022/03/S5p_SO2-COBRA_22702.nc;2022-03-01 13:36:01.745;2022-03-01 13:44:50.093;22702
C03/2022/03/S5p_SO2-COBRA_22703.nc;2022-03-01 15:17:30.929;2022-03-01 15:24:23.359;22703
C03/2022/03/S5p_SO2-COBRA_22713.nc;2022-03-02 08:20:53.226;2022-03-02 08:22:24.783;22713
C03/2022/03/S5p_SO2-COBRA_22714.nc;2022-03-02 09:54:32.379;2022-03-02 10:03:56.846;22714
C03/2022/03/S5p_SO2-COBRA_22715.nc;2022-03-02 11:35:29.643;2022-03-02 11:45:26.870;22715
C03/2022/03/S5p_SO2-COBRA_22716.nc;2022-03-02 13:16:59.666;2022-03-02 13:26:47.653;22716
C03/2022/03/S5p_SO2-COBRA_22717.nc;2022-03-02 14:58:28.849;2022-03-02 15:06:46.118;22717
C03/2022/03/S5p_SO2-COBRA_22727.nc;2022-03-03 08:03:13.382;2022-03-03 08:03:28.502;22727
C03/2022/03/S5p_SO2-COBRA_22728.nc;2022-03-03 09:36:20.617;2022-03-03 09:45:01.405;22728
C03/2022/03/S5p_SO2-COBRA_22729.nc;2022-03-03 11:16:27.481;2022-03-03 11:26:32.268;22729
C03/2022/03/S5p_SO2-COBRA_22730.nc;2022-03-03 12:57:57.144;2022-03-03 13:08:01.930;22730
C03/2022/03/S5p_SO2-COBRA_22731.nc;2022-03-03 14:39:27.407;2022-03-03 14:48:05.675;22731
C03/2022/03/S5p_SO2-COBRA_22742.nc;2022-03-04 09:17:26.934;2022-03-04 09:26:06.042;22742
C03/2022/03/S5p_SO2-COBRA_22743.nc;2022-03-04 10:57:25.759;2022-03-04 11:07:31.385;22743
C03/2022/03/S5p_SO2-COBRA_22744.nc;2022-03-04 12:38:55.542;2022-03-04 12:48:45.209;22744
C03/2022/03/S5p_SO2-COBRA_22745.nc;2022-03-04 14:20:25.565;2022-03-04 14:29:25.673;22745
C03/2022/03/S5p_SO2-COBRA_22746.nc;2022-03-04 16:01:55.588;2022-03-04 16:04:15.025;22746
C03/2022/03/S5p_SO2-COBRA_22756.nc;2022-03-05 09:00:42.367;2022-03-05 09:07:10.438;22756
C03/2022/03/S5p_SO2-COBRA_22757.nc;2022-03-05 10:38:25.595;2022-03-05 10:48:41.301;22757
C03/2022/03/S5p_SO2-COBRA_22758.nc;2022-03-05 12:19:53.698;2022-03-05 12:29:59.324;22758
C03/2022/03/S5p_SO2-COBRA_22759.nc;2022-03-05 14:01:23.241;2022-03-05 14:10:46.029;22759
C03/2022/03/S5p_SO2-COBRA_22760.nc;2022-03-05 15:42:54.944;2022-03-05 15:50:52.893;22760
C03/2022/03/S5p_SO2-COBRA_22770.nc;2022-03-06 08:44:01.641;2022-03-06 08:48:05.236;22770
C03/2022/03/S5p_SO2-COBRA_22771.nc;2022-03-06 10:19:31.552;2022-03-06 10:29:46.418;22771
C03/2022/03/S5p_SO2-COBRA_22772.nc;2022-03-06 12:00:51.975;2022-03-06 12:10:47.522;22772
C03/2022/03/S5p_SO2-COBRA_22773.nc;2022-03-06 13:42:21.519;2022-03-06 13:52:06.985;22773
C03/2022/03/S5p_SO2-COBRA_22774.nc;2022-03-06 15:23:51.182;2022-03-06 15:32:13.490;22774
C03/2022/03/S5p_SO2-COBRA_22784.nc;2022-03-07 08:26:42.635;2022-03-07 08:28:50.313;22784
C03/2022/03/S5p_SO2-COBRA_22785.nc;2022-03-07 10:00:44.949;2022-03-07 10:10:51.415;22785
C03/2022/03/S5p_SO2-COBRA_22786.nc;2022-03-07 11:41:49.412;2022-03-07 11:52:01.758;22786
C03/2022/03/S5p_SO2-COBRA_22787.nc;2022-03-07 13:23:19.675;2022-03-07 13:33:26.141;22787
C03/2022/03/S5p_SO2-COBRA_22788.nc;2022-03-07 15:04:49.218;2022-03-07 15:13:32.526;22788
C03/2022/03/S5p_SO2-COBRA_22798.nc;2022-03-08 08:09:27.319;2022-03-08 08:10:18.558;22798
C03/2022/03/S5p_SO2-COBRA_22799.nc;2022-03-08 09:42:07.194;2022-03-08 09:51:56.860;22799
C03/2022/03/S5p_SO2-COBRA_22800.nc;2022-03-08 11:22:47.778;2022-03-08 11:33:27.003;22800
C03/2022/03/S5p_SO2-COBRA_22801.nc;2022-03-08 13:04:18.040;2022-03-08 13:14:40.466;22801
C03/2022/03/S5p_SO2-COBRA_22802.nc;2022-03-08 14:45:47.703;2022-03-08 14:54:46.971;22802
C03/2022/03/S5p_SO2-COBRA_22813.nc;2022-03-09 09:23:36.669;2022-03-09 09:33:01.976;22813
C03/2022/03/S5p_SO2-COBRA_22814.nc;2022-03-09 11:03:45.933;2022-03-09 11:14:25.998;22814
C03/2022/03/S5p_SO2-COBRA_22815.nc;2022-03-09 12:45:15.956;2022-03-09 12:56:01.901;22815
C03/2022/03/S5p_SO2-COBRA_22816.nc;2022-03-09 14:26:45.138;2022-03-09 14:36:12.125;22816
C03/2022/03/S5p_SO2-COBRA_22827.nc;2022-03-10 09:06:13.100;2022-03-10 09:14:06.849;22827
C03/2022/03/S5p_SO2-COBRA_22828.nc;2022-03-10 10:44:44.447;2022-03-10 10:54:59.312;22828
C03/2022/03/S5p_SO2-COBRA_22829.nc;2022-03-10 12:26:14.109;2022-03-10 12:37:07.614;22829
C03/2022/03/S5p_SO2-COBRA_22830.nc;2022-03-10 14:07:43.652;2022-03-10 14:17:30.798;22830
C03/2022/03/S5p_SO2-COBRA_22831.nc;2022-03-10 15:49:13.674;2022-03-10 15:57:41.862;22831
C03/2022/03/S5p_SO2-COBRA_22841.nc;2022-03-11 08:50:32.968;2022-03-11 08:54:12.203;22841
C03/2022/03/S5p_SO2-COBRA_22842.nc;2022-03-11 10:25:47.759;2022-03-11 10:36:42.104;22842
C03/2022/03/S5p_SO2-COBRA_22843.nc;2022-03-11 12:07:11.902;2022-03-11 12:18:12.126;22843
C03/2022/03/S5p_SO2-COBRA_22844.nc;2022-03-11 13:48:41.804;2022-03-11 13:58:49.950;22844
C03/2022/03/S5p_SO2-COBRA_22845.nc;2022-03-11 15:30:11.706;2022-03-11 15:39:02.574;22845
C03/2022/03/S5p_SO2-COBRA_22855.nc;2022-03-12 08:32:30.878;2022-03-12 08:36:16.833;22855
C03/2022/03/S5p_SO2-COBRA_22856.nc;2022-03-12 10:07:00.310;2022-03-12 10:17:47.095;22856
C03/2022/03/S5p_SO2-COBRA_22857.nc;2022-03-12 11:48:10.053;2022-03-12 11:59:16.997;22857
C03/2022/03/S5p_SO2-COBRA_22858.nc;2022-03-12 13:29:39.475;2022-03-12 13:40:09.461;22858
C03/2022/03/S5p_SO2-COBRA_22859.nc;2022-03-12 15:11:09.378;2022-03-12 15:20:22.925;22859
C03/2022/03/S5p_SO2-COBRA_22869.nc;2022-03-13 08:15:14.507;2022-03-13 08:17:20.504;22869
C03/2022/03/S5p_SO2-COBRA_22870.nc;2022-03-13 09:48:18.861;2022-03-13 09:58:37.927;22870
C03/2022/03/S5p_SO2-COBRA_22871.nc;2022-03-13 11:29:07.725;2022-03-13 11:40:03.749;22871
C03/2022/03/S5p_SO2-COBRA_22872.nc;2022-03-13 13:10:37.747;2022-03-13 13:21:29.572;22872
C03/2022/03/S5p_SO2-COBRA_22873.nc;2022-03-13 14:52:06.929;2022-03-13 15:01:41.476;22873
C03/2022/03/S5p_SO2-COBRA_22883.nc;2022-03-14 07:57:49.257;2022-03-14 07:58:15.296;22883
C03/2022/03/S5p_SO2-COBRA_22884.nc;2022-03-14 09:29:45.332;2022-03-14 09:39:56.838;22884
C03/2022/03/S5p_SO2-COBRA_22885.nc;2022-03-14 11:10:05.876;2022-03-14 11:21:27.101;22885
C03/2022/03/S5p_SO2-COBRA_22886.nc;2022-03-14 12:51:35.419;2022-03-14 13:02:49.083;22886
C03/2022/03/S5p_SO2-COBRA_22887.nc;2022-03-14 14:33:05.441;2022-03-14 14:42:58.468;22887
C03/2022/03/S5p_SO2-COBRA_22897.nc;2022-03-15 07:39:14.525;2022-03-15 07:39:31.325;22897
C03/2022/03/S5p_SO2-COBRA_22898.nc;2022-03-15 09:11:27.640;2022-03-15 09:21:02.187;22898
C03/2022/03/S5p_SO2-COBRA_22899.nc;2022-03-15 10:51:03.425;2022-03-15 11:02:31.370;22899
C03/2022/03/S5p_SO2-COBRA_22900.nc;2022-03-15 12:32:33.448;2022-03-15 12:44:03.072;22900
C03/2022/03/S5p_SO2-COBRA_22901.nc;2022-03-15 14:14:02.990;2022-03-15 14:24:16.176;22901
C03/2022/03/S5p_SO2-COBRA_22902.nc;2022-03-15 15:55:32.813;2022-03-15 16:04:31.240;22902
C03/2022/03/S5p_SO2-COBRA_22912.nc;2022-03-16 08:55:15.625;2022-03-16 09:02:07.215;22912
C03/2022/03/S5p_SO2-COBRA_22913.nc;2022-03-16 10:32:04.614;2022-03-16 10:43:37.598;22913
C03/2022/03/S5p_SO2-COBRA_22914.nc;2022-03-16 12:13:31.637;2022-03-16 12:25:07.981;22914
C03/2022/03/S5p_SO2-COBRA_22915.nc;2022-03-16 13:55:00.820;2022-03-16 14:05:32.485;22915
C03/2022/03/S5p_SO2-COBRA_22916.nc;2022-03-16 15:36:31.202;2022-03-16 15:45:48.110;22916
C03/2022/03/S5p_SO2-COBRA_22926.nc;2022-03-17 08:38:13.893;2022-03-17 08:43:10.407;22926
C03/2022/03/S5p_SO2-COBRA_22927.nc;2022-03-17 10:13:12.845;2022-03-17 10:24:15.590;22927
C03/2022/03/S5p_SO2-COBRA_22928.nc;2022-03-17 11:54:29.428;2022-03-17 12:06:12.492;22928
C03/2022/03/S5p_SO2-COBRA_22929.nc;2022-03-17 13:35:59.451;2022-03-17 13:46:36.996;22929
C03/2022/03/S5p_SO2-COBRA_22930.nc;2022-03-17 15:17:28.633;2022-03-17 15:27:12.420;22930
C03/2022/03/S5p_SO2-COBRA_22940.nc;2022-03-18 08:20:59.682;2022-03-18 08:24:17.077;22940
C03/2022/03/S5p_SO2-COBRA_22941.nc;2022-03-18 09:54:30.315;2022-03-18 10:05:47.340;22941
C03/2022/03/S5p_SO2-COBRA_22942.nc;2022-03-18 11:35:27.339;2022-03-18 11:47:07.043;22942
C03/2022/03/S5p_SO2-COBRA_22943.nc;2022-03-18 13:16:56.881;2022-03-18 13:28:10.546;22943
C03/2022/03/S5p_SO2-COBRA_22944.nc;2022-03-18 14:58:26.904;2022-03-18 15:08:28.330;22944
C03/2022/03/S5p_SO2-COBRA_22954.nc;2022-03-19 08:03:11.033;2022-03-19 08:05:21.230;22954
C03/2022/03/S5p_SO2-COBRA_22955.nc;2022-03-19 09:35:54.627;2022-03-19 09:46:49.812;22955
C03/2022/03/S5p_SO2-COBRA_22956.nc;2022-03-19 11:16:25.011;2022-03-19 11:28:20.675;22956
C03/2022/03/S5p_SO2-COBRA_22957.nc;2022-03-19 12:57:55.394;2022-03-19 13:09:29.218;22957
C03/2022/03/S5p_SO2-COBRA_22958.nc;2022-03-19 14:39:24.577;2022-03-19 14:49:46.162;22958
C03/2022/03/S5p_SO2-COBRA_22968.nc;2022-03-20 07:45:14.344;2022-03-20 07:46:26.582;22968
C03/2022/03/S5p_SO2-COBRA_22969.nc;2022-03-20 09:17:26.379;2022-03-20 09:27:47.125;22969
C03/2022/03/S5p_SO2-COBRA_22970.nc;2022-03-20 10:57:23.164;2022-03-20 11:09:24.707;22970
C03/2022/03/S5p_SO2-COBRA_22971.nc;2022-03-20 12:38:52.587;2022-03-20 12:50:48.250;22971
C03/2022/03/S5p_SO2-COBRA_22972.nc;2022-03-20 14:20:22.369;2022-03-20 14:31:03.275;22972
C03/2022/03/S5p_SO2-COBRA_22973.nc;2022-03-20 16:01:52.632;2022-03-20 16:04:15.428;22973
C03/2022/03/S5p_SO2-COBRA_22982.nc;2022-03-21 07:27:09.435;2022-03-21 07:27:31.274;22982
C03/2022/03/S5p_SO2-COBRA_22983.nc;2022-03-21 09:01:02.028;2022-03-21 09:09:02.497;22983
C03/2022/03/S5p_SO2-COBRA_22984.nc;2022-03-21 10:38:23.056;2022-03-21 10:50:32.999;22984
C03/2022/03/S5p_SO2-COBRA_22985.nc;2022-03-21 12:19:50.799;2022-03-21 12:32:03.262;22985
C03/2022/03/S5p_SO2-COBRA_22986.nc;2022-03-21 14:01:20.821;2022-03-21 14:12:19.366;22986
C03/2022/03/S5p_SO2-COBRA_22987.nc;2022-03-21 15:42:50.843;2022-03-21 15:52:43.030;22987
C03/2022/03/S5p_SO2-COBRA_22997.nc;2022-03-22 08:43:55.253;2022-03-22 08:50:04.845;22997
C03/2022/03/S5p_SO2-COBRA_22998.nc;2022-03-22 10:19:28.284;2022-03-22 10:31:38.227;22998
C03/2022/03/S5p_SO2-COBRA_22999.nc;2022-03-22 12:00:49.067;2022-03-22 12:13:08.250;22999
C03/2022/03/S5p_SO2-COBRA_23000.nc;2022-03-22 13:42:18.369;2022-03-22 13:53:34.554;23000
C03/2022/03/S5p_SO2-COBRA_23001.nc;2022-03-22 15:23:48.152;2022-03-22 15:33:46.218;23001
C03/2022/03/S5p_SO2-COBRA_23011.nc;2022-03-23 08:26:39.360;2022-03-23 08:31:12.354;23011
C03/2022/03/S5p_SO2-COBRA_23012.nc;2022-03-23 10:00:42.513;2022-03-23 10:12:20.537;23012
C03/2022/03/S5p_SO2-COBRA_23013.nc;2022-03-23 11:41:47.096;2022-03-23 11:54:06.279;23013
C03/2022/03/S5p_SO2-COBRA_23014.nc;2022-03-23 13:23:16.639;2022-03-23 13:34:47.943;23014
C03/2022/03/S5p_SO2-COBRA_23015.nc;2022-03-23 15:04:46.661;2022-03-23 15:15:18.326;23015
C03/2022/03/S5p_SO2-COBRA_23025.nc;2022-03-24 08:09:13.868;2022-03-24 08:12:14.464;23025
C03/2022/03/S5p_SO2-COBRA_23026.nc;2022-03-24 09:42:04.182;2022-03-24 09:53:48.086;23026
C03/2022/03/S5p_SO2-COBRA_23027.nc;2022-03-24 11:22:44.885;2022-03-24 11:35:17.508;23027
C03/2022/03/S5p_SO2-COBRA_23028.nc;2022-03-24 13:04:14.068;2022-03-24 13:16:03.011;23028
C03/2022/03/S5p_SO2-COBRA_23029.nc;2022-03-24 14:45:44.090;2022-03-24 14:56:26.675;23029
C03/2022/03/S5p_SO2-COBRA_23039.nc;2022-03-25 07:51:12.735;2022-03-25 07:53:18.732;23039
C03/2022/03/S5p_SO2-COBRA_23040.nc;2022-03-25 09:23:32.570;2022-03-25 09:34:37.835;23040
C03/2022/03/S5p_SO2-COBRA_23041.nc;2022-03-25 11:03:42.194;2022-03-25 11:16:03.057;23041
C03/2022/03/S5p_SO2-COBRA_23042.nc;2022-03-25 12:45:12.216;2022-03-25 12:56:55.280;23042
C03/2022/03/S5p_SO2-COBRA_23043.nc;2022-03-25 14:26:42.238;2022-03-25 14:36:50.384;23043
C03/2022/03/S5p_SO2-COBRA_23053.nc;2022-03-26 07:34:16.279;2022-03-26 07:34:16.279;23053
C03/2022/03/S5p_SO2-COBRA_23054.nc;2022-03-26 09:06:04.315;2022-03-26 09:15:57.341;23054
C03/2022/03/S5p_SO2-COBRA_23055.nc;2022-03-26 10:44:41.301;2022-03-26 10:57:10.564;23055
C03/2022/03/S5p_SO2-COBRA_23056.nc;2022-03-26 12:26:10.483;2022-03-26 12:38:35.546;23056
C03/2022/03/S5p_SO2-COBRA_23057.nc;2022-03-26 14:07:39.905;2022-03-26 14:18:52.730;23057
C03/2022/03/S5p_SO2-COBRA_23058.nc;2022-03-26 15:49:10.047;2022-03-26 15:59:34.153;23058
C03/2022/03/S5p_SO2-COBRA_23067.nc;2022-03-27 07:15:18.266;2022-03-27 07:15:31.706;23067
C03/2022/03/S5p_SO2-COBRA_23068.nc;2022-03-27 08:49:37.018;2022-03-27 08:56:31.969;23068
C03/2022/03/S5p_SO2-COBRA_23069.nc;2022-03-27 10:25:44.368;2022-03-27 10:38:32.950;23069
C03/2022/03/S5p_SO2-COBRA_23070.nc;2022-03-27 12:07:07.790;2022-03-27 12:20:02.252;23070
C03/2022/03/S5p_SO2-COBRA_23071.nc;2022-03-27 13:48:38.052;2022-03-27 14:00:07.676;23071
C03/2022/03/S5p_SO2-COBRA_23072.nc;2022-03-27 15:30:07.234;2022-03-27 15:40:45.619;23072
C03/2022/03/S5p_SO2-COBRA_23082.nc;2022-03-28 08:32:34.482;2022-03-28 08:38:02.074;23082
C03/2022/03/S5p_SO2-COBRA_23083.nc;2022-03-28 10:06:55.514;2022-03-28 10:19:38.216;23083
C03/2022/03/S5p_SO2-COBRA_23084.nc;2022-03-28 11:48:06.097;2022-03-28 12:01:08.119;23084
C03/2022/03/S5p_SO2-COBRA_23085.nc;2022-03-28 13:29:35.519;2022-03-28 13:41:11.023;23085
C03/2022/03/S5p_SO2-COBRA_23086.nc;2022-03-28 15:11:05.540;2022-03-28 15:22:04.925;23086
C03/2022/03/S5p_SO2-COBRA_23096.nc;2022-03-29 08:14:57.825;2022-03-29 08:18:59.739;23096
C03/2022/03/S5p_SO2-COBRA_23097.nc;2022-03-29 09:48:14.778;2022-03-29 10:00:42.361;23097
C03/2022/03/S5p_SO2-COBRA_23098.nc;2022-03-29 11:29:03.641;2022-03-29 11:42:13.223;23098
C03/2022/03/S5p_SO2-COBRA_23099.nc;2022-03-29 13:10:33.783;2022-03-29 13:22:33.647;23099
C03/2022/03/S5p_SO2-COBRA_23100.nc;2022-03-29 14:52:03.325;2022-03-29 15:03:06.910;23100
C03/2022/03/S5p_SO2-COBRA_23110.nc;2022-03-30 07:57:24.527;2022-03-30 08:00:15.044;23110
C03/2022/03/S5p_SO2-COBRA_23111.nc;2022-03-30 09:29:41.482;2022-03-30 09:41:47.225;23111
C03/2022/03/S5p_SO2-COBRA_23112.nc;2022-03-30 11:10:01.186;2022-03-30 11:23:17.487;23112
C03/2022/03/S5p_SO2-COBRA_23113.nc;2022-03-30 12:51:31.207;2022-03-30 13:04:01.310;23113
C03/2022/03/S5p_SO2-COBRA_23114.nc;2022-03-30 14:33:01.110;2022-03-30 14:44:33.254;23114
C03/2022/03/S5p_SO2-COBRA_23124.nc;2022-03-31 07:39:10.670;2022-03-31 07:41:21.707;23124
C03/2022/03/S5p_SO2-COBRA_23125.nc;2022-03-31 09:11:24.265;2022-03-31 09:22:52.209;23125
C03/2022/03/S5p_SO2-COBRA_23126.nc;2022-03-31 10:50:59.569;2022-03-31 11:04:22.591;23126
C03/2022/03/S5p_SO2-COBRA_23127.nc;2022-03-31 12:32:29.391;2022-03-31 12:45:07.054;23127
C03/2022/03/S5p_SO2-COBRA_23128.nc;2022-03-31 14:13:58.573;2022-03-31 14:25:44.997;23128
C03/2022/03/S5p_SO2-COBRA_23129.nc;2022-03-31 15:55:28.475;2022-03-31 16:05:39.141;23129
C03/2022/04/S5p_SO2-COBRA_23138.nc;2022-04-01 07:21:03.332;2022-04-01 07:22:26.490;23138
C03/2022/04/S5p_SO2-COBRA_23139.nc;2022-04-01 08:55:47.643;2022-04-01 09:03:57.351;23139
C03/2022/04/S5p_SO2-COBRA_23140.nc;2022-04-01 10:32:00.152;2022-04-01 10:45:27.373;23140
C03/2022/04/S5p_SO2-COBRA_23141.nc;2022-04-01 12:13:26.573;2022-04-01 12:26:26.916;23141
C03/2022/04/S5p_SO2-COBRA_23142.nc;2022-04-01 13:54:56.835;2022-04-01 14:06:55.019;23142
C03/2022/04/S5p_SO2-COBRA_23143.nc;2022-04-01 15:36:26.257;2022-04-01 15:47:28.161;23143
C03/2022/04/S5p_SO2-COBRA_23152.nc;2022-04-02 07:02:48.633;2022-04-02 07:03:31.472;23152
C03/2022/04/S5p_SO2-COBRA_23153.nc;2022-04-02 08:38:09.903;2022-04-02 08:45:00.654;23153
C03/2022/04/S5p_SO2-COBRA_23154.nc;2022-04-02 10:13:08.465;2022-04-02 10:26:27.286;23154
C03/2022/04/S5p_SO2-COBRA_23155.nc;2022-04-02 11:54:25.047;2022-04-02 12:07:35.469;23155
C03/2022/04/S5p_SO2-COBRA_23156.nc;2022-04-02 13:35:54.229;2022-04-02 13:48:13.412;23156
C03/2022/04/S5p_SO2-COBRA_23157.nc;2022-04-02 15:17:24.251;2022-04-02 15:27:55.076;23157
C03/2022/04/S5p_SO2-COBRA_23166.nc;2022-04-03 06:44:28.747;2022-04-03 06:44:35.467;23166
C03/2022/04/S5p_SO2-COBRA_23167.nc;2022-04-03 08:20:46.056;2022-04-03 08:26:05.248;23167
C03/2022/04/S5p_SO2-COBRA_23168.nc;2022-04-03 09:54:25.689;2022-04-03 10:07:30.231;23168
C03/2022/04/S5p_SO2-COBRA_23169.nc;2022-04-03 11:35:22.352;2022-04-03 11:48:57.973;23169
C03/2022/04/S5p_SO2-COBRA_23170.nc;2022-04-03 13:16:52.373;2022-04-03 13:29:26.676;23170
C03/2022/04/S5p_SO2-COBRA_23171.nc;2022-04-03 14:58:22.396;2022-04-03 15:10:07.139;23171
C03/2022/04/S5p_SO2-COBRA_23181.nc;2022-04-04 08:03:23.679;2022-04-04 08:07:06.274;23181
C03/2022/04/S5p_SO2-COBRA_23182.nc;2022-04-04 09:35:49.753;2022-04-04 09:48:41.695;23182
C03/2022/04/S5p_SO2-COBRA_23183.nc;2022-04-04 11:16:20.136;2022-04-04 11:30:11.717;23183
C03/2022/04/S5p_SO2-COBRA_23184.nc;2022-04-04 12:57:49.798;2022-04-04 13:10:37.541;23184
C03/2022/04/S5p_SO2-COBRA_23185.nc;2022-04-04 14:39:20.060;2022-04-04 14:51:22.443;23185
C03/2022/04/S5p_SO2-COBRA_23195.nc;2022-04-05 07:45:10.900;2022-04-05 07:48:06.456;23195
C03/2022/04/S5p_SO2-COBRA_23196.nc;2022-04-05 09:17:19.455;2022-04-05 09:29:46.198;23196
C03/2022/04/S5p_SO2-COBRA_23197.nc;2022-04-05 10:57:18.279;2022-04-05 11:11:15.739;23197
C03/2022/04/S5p_SO2-COBRA_23198.nc;2022-04-05 12:38:47.461;2022-04-05 12:51:51.163;23198
C03/2022/04/S5p_SO2-COBRA_23199.nc;2022-04-05 14:20:17.243;2022-04-05 14:32:31.386;23199
C03/2022/04/S5p_SO2-COBRA_23200.nc;2022-04-05 16:01:47.504;2022-04-05 16:12:58.649;23200
C03/2022/04/S5p_SO2-COBRA_23209.nc;2022-04-06 07:27:27.160;2022-04-06 07:29:18.878;23209
C03/2022/04/S5p_SO2-COBRA_23210.nc;2022-04-06 09:01:19.392;2022-04-06 09:10:50.579;23210
C03/2022/04/S5p_SO2-COBRA_23211.nc;2022-04-06 10:38:17.740;2022-04-06 10:52:20.241;23211
C03/2022/04/S5p_SO2-COBRA_23212.nc;2022-04-06 12:19:45.602;2022-04-06 12:33:03.584;23212
C03/2022/04/S5p_SO2-COBRA_23213.nc;2022-04-06 14:01:15.384;2022-04-06 14:13:40.447;23213
C03/2022/04/S5p_SO2-COBRA_23214.nc;2022-04-06 15:42:45.405;2022-04-06 15:54:30.149;23214
C03/2022/04/S5p_SO2-COBRA_23223.nc;2022-04-07 07:08:51.581;2022-04-07 07:10:22.299;23223
C03/2022/04/S5p_SO2-COBRA_23224.nc;2022-04-07 08:43:48.971;2022-04-07 08:51:54.480;23224
C03/2022/04/S5p_SO2-COBRA_23225.nc;2022-04-07 10:19:23.081;2022-04-07 10:33:24.742;23225
C03/2022/04/S5p_SO2-COBRA_23226.nc;2022-04-07 12:00:43.503;2022-04-07 12:14:19.124;23226
C03/2022/04/S5p_SO2-COBRA_23227.nc;2022-04-07 13:42:13.045;2022-04-07 13:54:51.547;23227
C03/2022/04/S5p_SO2-COBRA_23228.nc;2022-04-07 15:23:43.067;2022-04-07 15:35:42.090;23228
C03/2022/04/S5p_SO2-COBRA_23237.nc;2022-04-08 06:50:44.199;2022-04-08 06:51:28.718;23237
C03/2022/04/S5p_SO2-COBRA_23238.nc;2022-04-08 08:26:34.389;2022-04-08 08:32:59.100;23238
C03/2022/04/S5p_SO2-COBRA_23239.nc;2022-04-08 10:00:36.221;2022-04-08 10:14:29.482;23239
C03/2022/04/S5p_SO2-COBRA_23240.nc;2022-04-08 11:41:40.803;2022-04-08 11:55:34.904;23240
C03/2022/04/S5p_SO2-COBRA_23241.nc;2022-04-08 13:23:10.825;2022-04-08 13:36:02.767;23241
C03/2022/04/S5p_SO2-COBRA_23242.nc;2022-04-08 15:04:40.247;2022-04-08 15:16:53.550;23242
C03/2022/04/S5p_SO2-COBRA_23251.nc;2022-04-09 06:32:10.658;2022-04-09 06:32:29.978;23251
C03/2022/04/S5p_SO2-COBRA_23252.nc;2022-04-09 08:09:30.605;2022-04-09 08:14:00.239;23252
C03/2022/04/S5p_SO2-COBRA_23253.nc;2022-04-09 09:41:58.599;2022-04-09 09:55:33.380;23253
C03/2022/04/S5p_SO2-COBRA_23254.nc;2022-04-09 11:22:39.062;2022-04-09 11:36:53.322;23254
C03/2022/04/S5p_SO2-COBRA_23255.nc;2022-04-09 13:04:08.484;2022-04-09 13:17:09.666;23255
C03/2022/04/S5p_SO2-COBRA_23256.nc;2022-04-09 14:45:38.505;2022-04-09 14:58:06.928;23256
C03/2022/04/S5p_SO2-COBRA_23266.nc;2022-04-10 07:51:10.824;2022-04-10 07:55:00.978;23266
C03/2022/04/S5p_SO2-COBRA_23267.nc;2022-04-10 09:23:27.058;2022-04-10 09:36:38.319;23267
C03/2022/04/S5p_SO2-COBRA_23268.nc;2022-04-10 11:03:35.961;2022-04-10 11:18:08.701;23268
C03/2022/04/S5p_SO2-COBRA_23269.nc;2022-04-10 12:45:05.983;2022-04-10 12:58:20.604;23269
C03/2022/04/S5p_SO2-COBRA_23270.nc;2022-04-10 14:26:35.764;2022-04-10 14:39:06.707;23270
C03/2022/04/S5p_SO2-COBRA_23280.nc;2022-04-11 07:33:31.640;2022-04-11 07:36:03.676;23280
C03/2022/04/S5p_SO2-COBRA_23281.nc;2022-04-11 09:05:59.034;2022-04-11 09:17:42.097;23281
C03/2022/04/S5p_SO2-COBRA_23282.nc;2022-04-11 10:44:34.579;2022-04-11 10:59:12.359;23282
C03/2022/04/S5p_SO2-COBRA_23283.nc;2022-04-11 12:26:04.120;2022-04-11 12:39:35.542;23283
C03/2022/04/S5p_SO2-COBRA_23284.nc;2022-04-11 14:07:33.542;2022-04-11 14:20:22.964;23284
C03/2022/04/S5p_SO2-COBRA_23285.nc;2022-04-11 15:49:03.203;2022-04-11 16:01:10.626;23285
C03/2022/04/S5p_SO2-COBRA_23294.nc;2022-04-12 07:15:01.096;2022-04-12 07:17:12.973;23294
C03/2022/04/S5p_SO2-COBRA_23295.nc;2022-04-12 08:49:34.606;2022-04-12 08:58:46.474;23295
C03/2022/04/S5p_SO2-COBRA_23296.nc;2022-04-12 10:25:37.275;2022-04-12 10:40:15.055;23296
C03/2022/04/S5p_SO2-COBRA_23297.nc;2022-04-12 12:07:01.056;2022-04-12 12:20:50.117;23297
C03/2022/04/S5p_SO2-COBRA_23298.nc;2022-04-12 13:48:31.438;2022-04-12 14:01:33.459;23298
C03/2022/04/S5p_SO2-COBRA_23299.nc;2022-04-12 15:30:00.979;2022-04-12 15:42:33.601;23299
C03/2022/04/S5p_SO2-COBRA_23308.nc;2022-04-13 06:56:54.749;2022-04-13 06:58:16.227;23308
C03/2022/04/S5p_SO2-COBRA_23309.nc;2022-04-13 08:32:52.858;2022-04-13 08:39:50.328;23309
C03/2022/04/S5p_SO2-COBRA_23310.nc;2022-04-13 10:06:47.969;2022-04-13 10:21:20.709;23310
C03/2022/04/S5p_SO2-COBRA_23311.nc;2022-04-13 11:47:58.671;2022-04-13 12:01:59.492;23311
C03/2022/04/S5p_SO2-COBRA_23312.nc;2022-04-13 13:29:28.692;2022-04-13 13:42:44.153;23312
C03/2022/04/S5p_SO2-COBRA_23313.nc;2022-04-13 15:10:58.473;2022-04-13 15:23:31.936;23313
C03/2022/04/S5p_SO2-COBRA_23322.nc;2022-04-14 06:38:19.160;2022-04-14 06:39:23.839;23322
C03/2022/04/S5p_SO2-COBRA_23323.nc;2022-04-14 08:14:49.308;2022-04-14 08:20:54.700;23323
C03/2022/04/S5p_SO2-COBRA_23324.nc;2022-04-14 09:48:07.820;2022-04-14 10:02:19.561;23324
C03/2022/04/S5p_SO2-COBRA_23325.nc;2022-04-14 11:28:56.923;2022-04-14 11:43:12.863;23325
C03/2022/04/S5p_SO2-COBRA_23326.nc;2022-04-14 13:10:26.104;2022-04-14 13:23:49.965;23326
C03/2022/04/S5p_SO2-COBRA_23327.nc;2022-04-14 14:51:56.364;2022-04-14 15:04:44.107;23327
C03/2022/04/S5p_SO2-COBRA_23336.nc;2022-04-15 06:19:49.720;2022-04-15 06:20:27.519;23336
C03/2022/04/S5p_SO2-COBRA_23337.nc;2022-04-15 07:57:02.707;2022-04-15 08:01:58.380;23337
C03/2022/04/S5p_SO2-COBRA_23338.nc;2022-04-15 09:29:33.700;2022-04-15 09:43:28.641;23338
C03/2022/04/S5p_SO2-COBRA_23339.nc;2022-04-15 11:09:53.883;2022-04-15 11:24:32.503;23339
C03/2022/04/S5p_SO2-COBRA_23340.nc;2022-04-15 12:51:23.544;2022-04-15 13:04:55.805;23340
C03/2022/04/S5p_SO2-COBRA_23341.nc;2022-04-15 14:32:54.045;2022-04-15 14:45:58.587;23341
C03/2022/04/S5p_SO2-COBRA_23350.nc;2022-04-16 06:01:21.690;2022-04-16 06:01:31.770;23350
C03/2022/04/S5p_SO2-COBRA_23351.nc;2022-04-16 07:39:14.756;2022-04-16 07:43:01.551;23351
C03/2022/04/S5p_SO2-COBRA_23352.nc;2022-04-16 09:11:17.190;2022-04-16 09:24:32.652;23352
C03/2022/04/S5p_SO2-COBRA_23353.nc;2022-04-16 10:50:52.133;2022-04-16 11:05:49.233;23353
C03/2022/04/S5p_SO2-COBRA_23354.nc;2022-04-16 12:32:21.794;2022-04-16 12:46:07.495;23354
C03/2022/04/S5p_SO2-COBRA_23355.nc;2022-04-16 14:13:51.455;2022-04-16 14:27:03.556;23355
C03/2022/04/S5p_SO2-COBRA_23356.nc;2022-04-16 15:55:20.635;2022-04-16 16:07:38.978;23356
C03/2022/04/S5p_SO2-COBRA_23365.nc;2022-04-17 07:21:34.482;2022-04-17 07:23:58.959;23365
C03/2022/04/S5p_SO2-COBRA_23366.nc;2022-04-17 08:54:58.154;2022-04-17 09:05:36.539;23366
C03/2022/04/S5p_SO2-COBRA_23367.nc;2022-04-17 10:31:52.901;2022-04-17 10:47:03.440;23367
C03/2022/04/S5p_SO2-COBRA_23368.nc;2022-04-17 12:13:18.962;2022-04-17 12:27:19.782;23368
C03/2022/04/S5p_SO2-COBRA_23369.nc;2022-04-17 13:54:48.502;2022-04-17 14:08:05.644;23369
C03/2022/04/S5p_SO2-COBRA_23370.nc;2022-04-17 15:36:18.883;2022-04-17 15:49:11.665;23370
C03/2022/04/S5p_SO2-COBRA_23379.nc;2022-04-18 07:03:03.808;2022-04-18 07:05:06.446;23379
C03/2022/04/S5p_SO2-COBRA_23380.nc;2022-04-18 08:38:24.237;2022-04-18 08:46:38.986;23380
C03/2022/04/S5p_SO2-COBRA_23381.nc;2022-04-18 10:13:00.988;2022-04-18 10:28:09.006;23381
C03/2022/04/S5p_SO2-COBRA_23382.nc;2022-04-18 11:54:16.728;2022-04-18 12:08:31.828;23382
C03/2022/04/S5p_SO2-COBRA_23383.nc;2022-04-18 13:35:46.749;2022-04-18 13:49:14.810;23383
C03/2022/04/S5p_SO2-COBRA_23384.nc;2022-04-18 15:17:15.809;2022-04-18 15:30:18.671;23384
C03/2022/04/S5p_SO2-COBRA_23393.nc;2022-04-19 06:44:29.534;2022-04-19 06:46:11.171;23393
C03/2022/04/S5p_SO2-COBRA_23394.nc;2022-04-19 08:20:43.722;2022-04-19 08:27:43.712;23394
C03/2022/04/S5p_SO2-COBRA_23395.nc;2022-04-19 09:54:17.473;2022-04-19 10:09:13.732;23395
C03/2022/04/S5p_SO2-COBRA_23396.nc;2022-04-19 11:35:13.894;2022-04-19 11:49:44.114;23396
C03/2022/04/S5p_SO2-COBRA_23397.nc;2022-04-19 13:16:44.155;2022-04-19 13:30:22.296;23397
C03/2022/04/S5p_SO2-COBRA_23398.nc;2022-04-19 14:58:14.176;2022-04-19 15:11:21.237;23398
C03/2022/04/S5p_SO2-COBRA_23407.nc;2022-04-20 06:25:59.460;2022-04-20 06:27:14.218;23407
C03/2022/04/S5p_SO2-COBRA_23408.nc;2022-04-20 08:02:56.486;2022-04-20 08:08:45.078;23408
C03/2022/04/S5p_SO2-COBRA_23409.nc;2022-04-20 09:35:41.759;2022-04-20 09:49:53.499;23409
C03/2022/04/S5p_SO2-COBRA_23410.nc;2022-04-20 11:16:11.900;2022-04-20 11:30:58.080;23410
C03/2022/04/S5p_SO2-COBRA_23411.nc;2022-04-20 12:57:41.441;2022-04-20 13:11:30.502;23411
C03/2022/04/S5p_SO2-COBRA_23412.nc;2022-04-20 14:39:11.462;2022-04-20 14:52:25.243;23412
C03/2022/04/S5p_SO2-COBRA_23421.nc;2022-04-21 06:07:27.946;2022-04-21 06:08:20.865;23421
C03/2022/04/S5p_SO2-COBRA_23422.nc;2022-04-21 07:45:00.852;2022-04-21 07:49:49.805;23422
C03/2022/04/S5p_SO2-COBRA_23423.nc;2022-04-21 09:17:10.005;2022-04-21 09:31:10.826;23423
C03/2022/04/S5p_SO2-COBRA_23424.nc;2022-04-21 10:57:09.068;2022-04-21 11:12:12.047;23424
C03/2022/04/S5p_SO2-COBRA_23425.nc;2022-04-21 12:38:39.329;2022-04-21 12:52:40.149;23425
C03/2022/04/S5p_SO2-COBRA_23426.nc;2022-04-21 14:20:08.510;2022-04-21 14:33:31.531;23426
C03/2022/04/S5p_SO2-COBRA_23427.nc;2022-04-21 16:01:38.530;2022-04-21 16:14:24.592;23427
C03/2022/04/S5p_SO2-COBRA_23435.nc;2022-04-22 05:49:03.752;2022-04-22 05:49:03.752;23435
C03/2022/04/S5p_SO2-COBRA_23436.nc;2022-04-22 07:26:55.377;2022-04-22 07:30:46.372;23436
C03/2022/04/S5p_SO2-COBRA_23437.nc;2022-04-22 09:00:27.209;2022-04-22 09:12:24.552;23437
C03/2022/04/S5p_SO2-COBRA_23438.nc;2022-04-22 10:38:08.995;2022-04-22 10:53:30.454;23438
C03/2022/04/S5p_SO2-COBRA_23439.nc;2022-04-22 12:19:36.736;2022-04-22 12:33:50.996;23439
C03/2022/04/S5p_SO2-COBRA_23440.nc;2022-04-22 14:01:06.756;2022-04-22 14:14:29.777;23440
C03/2022/04/S5p_SO2-COBRA_23441.nc;2022-04-22 15:42:35.937;2022-04-22 15:55:40.479;23441
C03/2022/04/S5p_SO2-COBRA_23449.nc;2022-04-23 05:30:26.717;2022-04-23 05:30:26.717;23449
C03/2022/04/S5p_SO2-COBRA_23450.nc;2022-04-23 07:09:11.261;2022-04-23 07:11:57.577;23450
C03/2022/04/S5p_SO2-COBRA_23451.nc;2022-04-23 08:43:41.531;2022-04-23 08:53:21.958;23451
C03/2022/04/S5p_SO2-COBRA_23452.nc;2022-04-23 10:19:14.080;2022-04-23 10:34:50.658;23452
C03/2022/04/S5p_SO2-COBRA_23453.nc;2022-04-23 12:00:34.501;2022-04-23 12:15:03.040;23453
C03/2022/04/S5p_SO2-COBRA_23454.nc;2022-04-23 13:42:03.681;2022-04-23 13:55:31.743;23454
C03/2022/04/S5p_SO2-COBRA_23455.nc;2022-04-23 15:23:33.942;2022-04-23 15:36:56.124;23455
C03/2022/04/S5p_SO2-COBRA_23464.nc;2022-04-24 06:50:23.546;2022-04-24 06:53:00.622;23464
C03/2022/04/S5p_SO2-COBRA_23465.nc;2022-04-24 08:26:25.974;2022-04-24 08:34:08.803;23465
C03/2022/04/S5p_SO2-COBRA_23466.nc;2022-04-24 10:00:31.884;2022-04-24 10:16:00.063;23466
C03/2022/04/S5p_SO2-COBRA_23467.nc;2022-04-24 11:41:32.025;2022-04-24 11:56:15.685;23467
C03/2022/04/S5p_SO2-COBRA_23468.nc;2022-04-24 13:23:01.206;2022-04-24 13:36:36.827;23468
C03/2022/04/S5p_SO2-COBRA_23469.nc;2022-04-24 15:04:31.227;2022-04-24 15:17:48.368;23469
C03/2022/04/S5p_SO2-COBRA_23478.nc;2022-04-25 06:32:07.509;2022-04-25 06:33:44.106;23478
C03/2022/04/S5p_SO2-COBRA_23479.nc;2022-04-25 08:08:48.816;2022-04-25 08:15:32.846;23479
C03/2022/04/S5p_SO2-COBRA_23480.nc;2022-04-25 09:41:49.808;2022-04-25 09:57:03.706;23480
C03/2022/04/S5p_SO2-COBRA_23481.nc;2022-04-25 11:22:28.829;2022-04-25 11:37:26.768;23481
C03/2022/04/S5p_SO2-COBRA_23482.nc;2022-04-25 13:03:58.610;2022-04-25 13:17:44.310;23482
C03/2022/04/S5p_SO2-COBRA_23483.nc;2022-04-25 14:45:28.990;2022-04-25 14:58:48.652;23483
C03/2022/04/S5p_SO2-COBRA_23492.nc;2022-04-26 06:13:35.951;2022-04-26 06:15:06.669;23492
C03/2022/04/S5p_SO2-COBRA_23493.nc;2022-04-26 07:51:05.257;2022-04-26 07:56:37.049;23493
C03/2022/04/S5p_SO2-COBRA_23494.nc;2022-04-26 09:23:17.290;2022-04-26 09:37:52.549;23494
C03/2022/04/S5p_SO2-COBRA_23495.nc;2022-04-26 11:03:26.912;2022-04-26 11:18:39.131;23495
C03/2022/04/S5p_SO2-COBRA_23496.nc;2022-04-26 12:44:56.092;2022-04-26 12:58:53.552;23496
C03/2022/04/S5p_SO2-COBRA_23497.nc;2022-04-26 14:26:26.472;2022-04-26 14:39:53.693;23497
C03/2022/04/S5p_SO2-COBRA_23498.nc;2022-04-26 16:20:15.315;2022-04-26 16:21:15.794;23498
C03/2022/04/S5p_SO2-COBRA_23506.nc;2022-04-27 05:55:07.550;2022-04-27 05:56:09.708;23506
C03/2022/04/S5p_SO2-COBRA_23507.nc;2022-04-27 07:32:54.974;2022-04-27 07:37:40.568;23507
C03/2022/04/S5p_SO2-COBRA_23508.nc;2022-04-27 09:05:50.447;2022-04-27 09:19:10.948;23508
C03/2022/04/S5p_SO2-COBRA_23509.nc;2022-04-27 10:44:24.671;2022-04-27 10:59:52.849;23509
C03/2022/04/S5p_SO2-COBRA_23510.nc;2022-04-27 12:25:54.211;2022-04-27 12:40:03.431;23510
C03/2022/04/S5p_SO2-COBRA_23511.nc;2022-04-27 14:07:23.991;2022-04-27 14:20:48.692;23511
C03/2022/04/S5p_SO2-COBRA_23512.nc;2022-04-27 15:48:53.291;2022-04-27 16:02:17.993;23512
C03/2022/04/S5p_SO2-COBRA_23520.nc;2022-04-28 05:36:33.717;2022-04-28 05:37:13.197;23520
C03/2022/04/S5p_SO2-COBRA_23521.nc;2022-04-28 07:14:44.302;2022-04-28 07:18:42.856;23521
C03/2022/04/S5p_SO2-COBRA_23522.nc;2022-04-28 08:49:17.091;2022-04-28 08:59:58.836;23522
C03/2022/04/S5p_SO2-COBRA_23523.nc;2022-04-28 10:25:35.239;2022-04-28 10:41:07.617;23523
C03/2022/04/S5p_SO2-COBRA_23524.nc;2022-04-28 12:06:50.979;2022-04-28 12:21:15.319;23524
C03/2022/04/S5p_SO2-COBRA_23525.nc;2022-04-28 13:48:21.239;2022-04-28 14:01:45.941;23525
C03/2022/04/S5p_SO2-COBRA_23526.nc;2022-04-28 15:29:51.259;2022-04-28 15:43:18.481;23526
C03/2022/04/S5p_SO2-COBRA_23534.nc;2022-04-29 05:18:01.475;2022-04-29 05:18:15.755;23534
C03/2022/04/S5p_SO2-COBRA_23535.nc;2022-04-29 06:56:26.939;2022-04-29 06:59:46.015;23535
C03/2022/04/S5p_SO2-COBRA_23536.nc;2022-04-29 08:32:10.047;2022-04-29 08:41:16.034;23536
C03/2022/04/S5p_SO2-COBRA_23537.nc;2022-04-29 10:06:38.397;2022-04-29 10:22:25.895;23537
C03/2022/04/S5p_SO2-COBRA_23538.nc;2022-04-29 11:47:48.617;2022-04-29 12:02:28.077;23538
C03/2022/04/S5p_SO2-COBRA_23539.nc;2022-04-29 13:29:18.278;2022-04-29 13:42:50.539;23539
C03/2022/04/S5p_SO2-COBRA_23540.nc;2022-04-29 15:10:48.418;2022-04-29 15:24:15.639;23540
C03/2022/04/S5p_SO2-COBRA_23549.nc;2022-04-30 06:38:07.536;2022-04-30 06:40:48.813;23549
C03/2022/04/S5p_SO2-COBRA_23550.nc;2022-04-30 08:14:39.724;2022-04-30 08:22:18.353;23550
C03/2022/04/S5p_SO2-COBRA_23551.nc;2022-04-30 09:47:57.515;2022-04-30 10:03:48.373;23551
C03/2022/04/S5p_SO2-COBRA_23552.nc;2022-04-30 11:28:46.376;2022-04-30 11:43:42.635;23552
C03/2022/04/S5p_SO2-COBRA_23553.nc;2022-04-30 13:10:15.916;2022-04-30 13:23:58.257;23553
C03/2022/04/S5p_SO2-COBRA_23554.nc;2022-04-30 14:51:45.456;2022-04-30 15:05:10.997;23554
C03/2022/07/S5p_SO2-COBRA_24427.nc;2022-07-01 03:56:37.424;2022-07-01 03:57:20.263;24427
C03/2022/07/S5p_SO2-COBRA_24428.nc;2022-07-01 05:36:17.644;2022-07-01 05:39:00.600;24428
C03/2022/07/S5p_SO2-COBRA_24429.nc;2022-07-01 07:14:15.986;2022-07-01 07:20:09.617;24429
C03/2022/07/S5p_SO2-COBRA_24430.nc;2022-07-01 08:48:53.573;2022-07-01 09:01:30.395;24430
C03/2022/07/S5p_SO2-COBRA_24431.nc;2022-07-01 10:24:58.878;2022-07-01 10:40:48.055;24431
C03/2022/07/S5p_SO2-COBRA_24432.nc;2022-07-01 12:06:22.176;2022-07-01 12:20:45.675;24432
C03/2022/07/S5p_SO2-COBRA_24433.nc;2022-07-01 13:47:51.953;2022-07-01 14:01:15.814;24433
C03/2022/07/S5p_SO2-COBRA_24434.nc;2022-07-01 15:29:22.091;2022-07-01 15:42:49.312;24434
C03/2022/07/S5p_SO2-COBRA_24441.nc;2022-07-02 03:37:59.985;2022-07-02 03:38:13.425;24441
C03/2022/07/S5p_SO2-COBRA_24442.nc;2022-07-02 05:17:33.846;2022-07-02 05:19:58.322;24442
C03/2022/07/S5p_SO2-COBRA_24443.nc;2022-07-02 06:56:21.867;2022-07-02 07:01:26.780;24443
C03/2022/07/S5p_SO2-COBRA_24444.nc;2022-07-02 08:31:44.573;2022-07-02 08:42:55.717;24444
C03/2022/07/S5p_SO2-COBRA_24445.nc;2022-07-02 10:06:10.400;2022-07-02 10:22:07.137;24445
C03/2022/07/S5p_SO2-COBRA_24446.nc;2022-07-02 11:47:20.618;2022-07-02 12:01:55.877;24446
C03/2022/07/S5p_SO2-COBRA_24447.nc;2022-07-02 13:28:50.636;2022-07-02 13:42:20.377;24447
C03/2022/07/S5p_SO2-COBRA_24448.nc;2022-07-02 15:10:20.414;2022-07-02 15:23:48.475;24448
C03/2022/07/S5p_SO2-COBRA_24456.nc;2022-07-03 04:59:00.487;2022-07-03 05:00:55.564;24456
C03/2022/07/S5p_SO2-COBRA_24457.nc;2022-07-03 06:37:39.268;2022-07-03 06:42:11.422;24457
C03/2022/07/S5p_SO2-COBRA_24458.nc;2022-07-03 08:14:15.292;2022-07-03 08:23:54.879;24458
C03/2022/07/S5p_SO2-COBRA_24459.nc;2022-07-03 09:47:31.161;2022-07-03 10:03:25.379;24459
C03/2022/07/S5p_SO2-COBRA_24460.nc;2022-07-03 11:28:19.780;2022-07-03 11:43:12.678;24460
C03/2022/07/S5p_SO2-COBRA_24461.nc;2022-07-03 13:09:49.317;2022-07-03 13:23:29.138;24461
C03/2022/07/S5p_SO2-COBRA_24462.nc;2022-07-03 14:51:18.735;2022-07-03 15:04:43.436;24462
C03/2022/07/S5p_SO2-COBRA_24470.nc;2022-07-04 04:40:18.247;2022-07-04 04:41:52.325;24470
C03/2022/07/S5p_SO2-COBRA_24471.nc;2022-07-04 06:19:14.548;2022-07-04 06:23:22.342;24471
C03/2022/07/S5p_SO2-COBRA_24472.nc;2022-07-04 07:56:28.491;2022-07-04 08:04:07.120;24472
C03/2022/07/S5p_SO2-COBRA_24473.nc;2022-07-04 09:28:59.001;2022-07-04 09:44:50.698;24473
C03/2022/07/S5p_SO2-COBRA_24474.nc;2022-07-04 11:09:17.620;2022-07-04 11:24:32.358;24474
C03/2022/07/S5p_SO2-COBRA_24475.nc;2022-07-04 12:50:47.637;2022-07-04 13:04:35.858;24475
C03/2022/07/S5p_SO2-COBRA_24476.nc;2022-07-04 14:32:17.415;2022-07-04 14:45:29.517;24476
C03/2022/07/S5p_SO2-COBRA_24477.nc;2022-07-04 16:26:51.375;2022-07-04 16:27:15.734;24477
C03/2022/07/S5p_SO2-COBRA_24484.nc;2022-07-05 04:21:40.688;2022-07-05 04:22:49.566;24484
C03/2022/07/S5p_SO2-COBRA_24485.nc;2022-07-05 06:00:47.069;2022-07-05 06:04:18.744;24485
C03/2022/07/S5p_SO2-COBRA_24486.nc;2022-07-05 07:38:30.051;2022-07-05 07:45:43.481;24486
C03/2022/07/S5p_SO2-COBRA_24487.nc;2022-07-05 09:10:48.801;2022-07-05 09:26:17.819;24487
C03/2022/07/S5p_SO2-COBRA_24488.nc;2022-07-05 10:50:16.422;2022-07-05 11:05:48.800;24488
C03/2022/07/S5p_SO2-COBRA_24489.nc;2022-07-05 12:31:46.440;2022-07-05 12:45:51.460;24489
C03/2022/07/S5p_SO2-COBRA_24490.nc;2022-07-05 14:13:16.458;2022-07-05 14:26:31.919;24490
C03/2022/07/S5p_SO2-COBRA_24491.nc;2022-07-05 15:54:46.235;2022-07-05 16:08:14.296;24491
C03/2022/07/S5p_SO2-COBRA_24498.nc;2022-07-06 04:02:56.650;2022-07-06 04:03:46.209;24498
C03/2022/07/S5p_SO2-COBRA_24499.nc;2022-07-06 05:42:19.350;2022-07-06 05:45:12.386;24499
C03/2022/07/S5p_SO2-COBRA_24500.nc;2022-07-06 07:20:22.493;2022-07-06 07:26:43.844;24500
C03/2022/07/S5p_SO2-COBRA_24501.nc;2022-07-06 08:54:29.001;2022-07-06 09:07:45.302;24501
C03/2022/07/S5p_SO2-COBRA_24502.nc;2022-07-06 10:31:19.065;2022-07-06 10:47:04.042;24502
C03/2022/07/S5p_SO2-COBRA_24503.nc;2022-07-06 12:12:45.483;2022-07-06 12:27:03.942;24503
C03/2022/07/S5p_SO2-COBRA_24504.nc;2022-07-06 13:54:15.021;2022-07-06 14:07:43.082;24504
C03/2022/07/S5p_SO2-COBRA_24505.nc;2022-07-06 15:35:45.039;2022-07-06 15:49:10.579;24505
C03/2022/07/S5p_SO2-COBRA_24512.nc;2022-07-07 03:44:32.533;2022-07-07 03:44:42.612;24512
C03/2022/07/S5p_SO2-COBRA_24513.nc;2022-07-07 05:23:47.073;2022-07-07 05:26:12.390;24513
C03/2022/07/S5p_SO2-COBRA_24514.nc;2022-07-07 07:02:09.056;2022-07-07 07:07:42.528;24514
C03/2022/07/S5p_SO2-COBRA_24515.nc;2022-07-07 08:37:32.002;2022-07-07 08:49:10.865;24515
C03/2022/07/S5p_SO2-COBRA_24516.nc;2022-07-07 10:12:28.068;2022-07-07 10:28:23.126;24516
C03/2022/07/S5p_SO2-COBRA_24517.nc;2022-07-07 11:53:43.566;2022-07-07 12:08:14.626;24517
C03/2022/07/S5p_SO2-COBRA_24518.nc;2022-07-07 13:35:13.585;2022-07-07 13:48:43.325;24518
C03/2022/07/S5p_SO2-COBRA_24519.nc;2022-07-07 15:16:43.603;2022-07-07 15:30:09.143;24519
C03/2022/07/S5p_SO2-COBRA_24527.nc;2022-07-08 05:05:15.156;2022-07-08 05:07:09.393;24527
C03/2022/07/S5p_SO2-COBRA_24528.nc;2022-07-08 06:43:48.897;2022-07-08 06:48:27.771;24528
C03/2022/07/S5p_SO2-COBRA_24529.nc;2022-07-08 08:20:09.562;2022-07-08 08:30:09.307;24529
C03/2022/07/S5p_SO2-COBRA_24530.nc;2022-07-08 09:53:45.830;2022-07-08 10:09:41.727;24530
C03/2022/07/S5p_SO2-COBRA_24531.nc;2022-07-08 11:34:42.248;2022-07-08 11:49:31.787;24531
C03/2022/07/S5p_SO2-COBRA_24532.nc;2022-07-08 13:16:12.026;2022-07-08 13:29:50.167;24532
C03/2022/07/S5p_SO2-COBRA_24533.nc;2022-07-08 14:57:42.404;2022-07-08 15:11:09.625;24533
C03/2022/07/S5p_SO2-COBRA_24541.nc;2022-07-09 04:46:34.839;2022-07-09 04:47:52.117;24541
C03/2022/07/S5p_SO2-COBRA_24542.nc;2022-07-09 06:25:26.340;2022-07-09 06:29:34.974;24542
C03/2022/07/S5p_SO2-COBRA_24543.nc;2022-07-09 08:02:27.804;2022-07-09 08:11:05.231;24543
C03/2022/07/S5p_SO2-COBRA_24544.nc;2022-07-09 09:35:11.513;2022-07-09 09:51:04.891;24544
C03/2022/07/S5p_SO2-COBRA_24545.nc;2022-07-09 11:15:40.812;2022-07-09 11:30:49.671;24545
C03/2022/07/S5p_SO2-COBRA_24546.nc;2022-07-09 12:57:10.590;2022-07-09 13:10:59.650;24546
C03/2022/07/S5p_SO2-COBRA_24547.nc;2022-07-09 14:38:40.968;2022-07-09 14:52:08.189;24547
C03/2022/07/S5p_SO2-COBRA_24555.nc;2022-07-10 04:27:52.483;2022-07-10 04:29:02.201;24555
C03/2022/07/S5p_SO2-COBRA_24556.nc;2022-07-10 06:06:59.103;2022-07-10 06:10:31.618;24556
C03/2022/07/S5p_SO2-COBRA_24557.nc;2022-07-10 07:44:35.365;2022-07-10 07:52:01.395;24557
C03/2022/07/S5p_SO2-COBRA_24558.nc;2022-07-10 09:16:42.116;2022-07-10 09:32:31.293;24558
C03/2022/07/S5p_SO2-COBRA_24559.nc;2022-07-10 10:56:39.735;2022-07-10 11:12:03.713;24559
C03/2022/07/S5p_SO2-COBRA_24560.nc;2022-07-10 12:38:09.513;2022-07-10 12:52:09.493;24560
C03/2022/07/S5p_SO2-COBRA_24561.nc;2022-07-10 14:19:39.291;2022-07-10 14:32:54.752;24561
C03/2022/07/S5p_SO2-COBRA_24562.nc;2022-07-10 16:01:09.429;2022-07-10 16:14:36.650;24562
C03/2022/07/S5p_SO2-COBRA_24569.nc;2022-07-11 04:09:10.724;2022-07-11 04:09:58.603;24569
C03/2022/07/S5p_SO2-COBRA_24570.nc;2022-07-11 05:48:30.905;2022-07-11 05:51:28.141;24570
C03/2022/07/S5p_SO2-COBRA_24571.nc;2022-07-11 07:26:28.647;2022-07-11 07:32:56.718;24571
C03/2022/07/S5p_SO2-COBRA_24572.nc;2022-07-11 09:00:03.235;2022-07-11 09:13:58.175;24572
C03/2022/07/S5p_SO2-COBRA_24573.nc;2022-07-11 10:37:40.098;2022-07-11 10:53:22.556;24573
C03/2022/07/S5p_SO2-COBRA_24574.nc;2022-07-11 12:19:07.956;2022-07-11 12:33:23.055;24574
C03/2022/07/S5p_SO2-COBRA_24575.nc;2022-07-11 14:00:37.974;2022-07-11 14:13:58.475;24575
C03/2022/07/S5p_SO2-COBRA_24576.nc;2022-07-11 15:42:07.751;2022-07-11 15:55:32.452;24576
C03/2022/07/S5p_SO2-COBRA_24583.nc;2022-07-12 03:50:43.365;2022-07-12 03:50:55.125;24583
C03/2022/07/S5p_SO2-COBRA_24584.nc;2022-07-12 05:29:59.466;2022-07-12 05:32:24.782;24584
C03/2022/07/S5p_SO2-COBRA_24585.nc;2022-07-12 07:08:16.048;2022-07-12 07:13:52.040;24585
C03/2022/07/S5p_SO2-COBRA_24586.nc;2022-07-12 08:43:28.674;2022-07-12 08:55:22.657;24586
C03/2022/07/S5p_SO2-COBRA_24587.nc;2022-07-12 10:18:46.580;2022-07-12 10:34:39.957;24587
C03/2022/07/S5p_SO2-COBRA_24588.nc;2022-07-12 12:00:06.638;2022-07-12 12:14:35.177;24588
C03/2022/07/S5p_SO2-COBRA_24589.nc;2022-07-12 13:41:36.776;2022-07-12 13:55:03.157;24589
C03/2022/07/S5p_SO2-COBRA_24590.nc;2022-07-12 15:23:06.194;2022-07-12 15:36:34.255;24590
C03/2022/07/S5p_SO2-COBRA_24598.nc;2022-07-13 05:11:28.719;2022-07-13 05:13:20.436;24598
C03/2022/07/S5p_SO2-COBRA_24599.nc;2022-07-13 06:49:58.861;2022-07-13 06:54:34.374;24599
C03/2022/07/S5p_SO2-COBRA_24600.nc;2022-07-13 08:26:04.046;2022-07-13 08:36:20.591;24600
C03/2022/07/S5p_SO2-COBRA_24601.nc;2022-07-13 10:00:01.914;2022-07-13 10:15:57.811;24601
C03/2022/07/S5p_SO2-COBRA_24602.nc;2022-07-13 11:41:05.052;2022-07-13 11:55:48.711;24602
C03/2022/07/S5p_SO2-COBRA_24603.nc;2022-07-13 13:22:35.430;2022-07-13 13:36:10.211;24603
C03/2022/07/S5p_SO2-COBRA_24604.nc;2022-07-13 15:04:04.849;2022-07-13 15:17:22.830;24604
C03/2022/07/S5p_SO2-COBRA_24612.nc;2022-07-14 04:52:51.644;2022-07-14 04:54:16.482;24612
C03/2022/07/S5p_SO2-COBRA_24613.nc;2022-07-14 06:31:37.025;2022-07-14 06:35:38.099;24613
C03/2022/07/S5p_SO2-COBRA_24614.nc;2022-07-14 08:08:30.089;2022-07-14 08:16:36.437;24614
C03/2022/07/S5p_SO2-COBRA_24615.nc;2022-07-14 09:41:24.598;2022-07-14 09:57:17.976;24615
C03/2022/07/S5p_SO2-COBRA_24616.nc;2022-07-14 11:22:04.217;2022-07-14 11:37:05.516;24616
C03/2022/07/S5p_SO2-COBRA_24617.nc;2022-07-14 13:03:33.995;2022-07-14 13:17:18.015;24617
C03/2022/07/S5p_SO2-COBRA_24618.nc;2022-07-14 14:45:03.533;2022-07-14 14:58:16.474;24618
C03/2022/07/S5p_SO2-COBRA_24626.nc;2022-07-15 04:34:09.287;2022-07-15 04:35:12.286;24626
C03/2022/07/S5p_SO2-COBRA_24627.nc;2022-07-15 06:13:10.628;2022-07-15 06:16:29.703;24627
C03/2022/07/S5p_SO2-COBRA_24628.nc;2022-07-15 07:51:24.090;2022-07-15 07:58:12.320;24628
C03/2022/07/S5p_SO2-COBRA_24629.nc;2022-07-15 09:22:53.641;2022-07-15 09:38:44.499;24629
C03/2022/07/S5p_SO2-COBRA_24630.nc;2022-07-15 11:03:02.301;2022-07-15 11:18:17.879;24630
C03/2022/07/S5p_SO2-COBRA_24631.nc;2022-07-15 12:44:32.319;2022-07-15 12:58:28.099;24631
C03/2022/07/S5p_SO2-COBRA_24632.nc;2022-07-15 14:26:02.576;2022-07-15 14:39:23.917;24632
C03/2022/07/S5p_SO2-COBRA_24633.nc;2022-07-15 16:19:45.177;2022-07-15 16:20:59.935;24633
C03/2022/07/S5p_SO2-COBRA_24640.nc;2022-07-16 04:15:27.409;2022-07-16 04:16:08.568;24640
C03/2022/07/S5p_SO2-COBRA_24641.nc;2022-07-16 05:54:42.790;2022-07-16 05:57:37.505;24641
C03/2022/07/S5p_SO2-COBRA_24642.nc;2022-07-16 07:32:32.732;2022-07-16 07:39:06.683;24642
C03/2022/07/S5p_SO2-COBRA_24643.nc;2022-07-16 09:05:32.041;2022-07-16 09:20:11.500;24643
C03/2022/07/S5p_SO2-COBRA_24644.nc;2022-07-16 10:44:01.703;2022-07-16 10:59:39.121;24644
C03/2022/07/S5p_SO2-COBRA_24645.nc;2022-07-16 12:25:30.521;2022-07-16 12:39:39.741;24645
C03/2022/07/S5p_SO2-COBRA_24646.nc;2022-07-16 14:07:00.539;2022-07-16 14:20:23.560;24646
C03/2022/07/S5p_SO2-COBRA_24647.nc;2022-07-16 15:48:30.557;2022-07-16 16:01:56.937;24647
C03/2022/07/S5p_SO2-COBRA_24654.nc;2022-07-17 03:56:48.651;2022-07-17 03:57:04.611;24654
C03/2022/07/S5p_SO2-COBRA_24655.nc;2022-07-17 05:36:12.431;2022-07-17 05:38:26.828;24655
C03/2022/07/S5p_SO2-COBRA_24656.nc;2022-07-17 07:14:23.493;2022-07-17 07:20:03.685;24656
C03/2022/07/S5p_SO2-COBRA_24657.nc;2022-07-17 08:48:58.120;2022-07-17 09:01:33.263;24657
C03/2022/07/S5p_SO2-COBRA_24658.nc;2022-07-17 10:25:05.586;2022-07-17 10:40:56.443;24658
C03/2022/07/S5p_SO2-COBRA_24659.nc;2022-07-17 12:06:29.364;2022-07-17 12:20:52.023;24659
C03/2022/07/S5p_SO2-COBRA_24660.nc;2022-07-17 13:47:59.622;2022-07-17 14:01:23.483;24660
C03/2022/07/S5p_SO2-COBRA_24661.nc;2022-07-17 15:29:28.800;2022-07-17 15:42:49.301;24661
C03/2022/07/S5p_SO2-COBRA_24669.nc;2022-07-18 05:17:41.154;2022-07-18 05:19:29.512;24669
C03/2022/07/S5p_SO2-COBRA_24670.nc;2022-07-18 06:56:29.655;2022-07-18 07:00:57.609;24670
C03/2022/07/S5p_SO2-COBRA_24671.nc;2022-07-18 08:32:43.360;2022-07-18 08:42:28.826;24671
C03/2022/07/S5p_SO2-COBRA_24672.nc;2022-07-18 10:06:18.189;2022-07-18 10:22:14.087;24672
C03/2022/07/S5p_SO2-COBRA_24673.nc;2022-07-18 11:47:28.047;2022-07-18 12:02:04.987;24673
C03/2022/07/S5p_SO2-COBRA_24674.nc;2022-07-18 13:28:57.946;2022-07-18 13:42:29.366;24674
C03/2022/07/S5p_SO2-COBRA_24675.nc;2022-07-18 15:10:27.724;2022-07-18 15:23:44.025;24675
C03/2022/07/S5p_SO2-COBRA_24683.nc;2022-07-19 04:59:07.080;2022-07-19 05:00:25.198;24683
C03/2022/07/S5p_SO2-COBRA_24684.nc;2022-07-19 06:38:13.221;2022-07-19 06:41:54.976;24684
C03/2022/07/S5p_SO2-COBRA_24685.nc;2022-07-19 08:14:21.766;2022-07-19 08:23:24.393;24685
C03/2022/07/S5p_SO2-COBRA_24686.nc;2022-07-19 09:47:38.476;2022-07-19 10:03:31.853;24686
C03/2022/07/S5p_SO2-COBRA_24687.nc;2022-07-19 11:28:26.494;2022-07-19 11:43:21.073;24687
C03/2022/07/S5p_SO2-COBRA_24688.nc;2022-07-19 13:09:56.272;2022-07-19 13:23:37.773;24688
C03/2022/07/S5p_SO2-COBRA_24689.nc;2022-07-19 14:51:26.411;2022-07-19 15:04:53.632;24689
C03/2022/07/S5p_SO2-COBRA_24697.nc;2022-07-20 04:40:25.807;2022-07-20 04:41:20.405;24697
C03/2022/07/S5p_SO2-COBRA_24698.nc;2022-07-20 06:19:21.028;2022-07-20 06:22:50.183;24698
C03/2022/07/S5p_SO2-COBRA_24699.nc;2022-07-20 07:56:35.452;2022-07-20 08:04:17.441;24699
C03/2022/07/S5p_SO2-COBRA_24700.nc;2022-07-20 09:29:05.962;2022-07-20 09:44:57.659;24700
C03/2022/07/S5p_SO2-COBRA_24701.nc;2022-07-20 11:09:24.941;2022-07-20 11:24:39.679;24701
C03/2022/07/S5p_SO2-COBRA_24702.nc;2022-07-20 12:50:54.959;2022-07-20 13:04:47.380;24702
C03/2022/07/S5p_SO2-COBRA_24703.nc;2022-07-20 14:32:24.978;2022-07-20 14:45:47.999;24703
C03/2022/07/S5p_SO2-COBRA_24704.nc;2022-07-20 16:26:59.417;2022-07-20 16:27:22.097;24704
C03/2022/07/S5p_SO2-COBRA_24711.nc;2022-07-21 04:21:45.613;2022-07-21 04:22:15.852;24711
C03/2022/07/S5p_SO2-COBRA_24712.nc;2022-07-21 06:00:54.754;2022-07-21 06:03:40.230;24712
C03/2022/07/S5p_SO2-COBRA_24713.nc;2022-07-21 07:38:36.657;2022-07-21 07:45:02.208;24713
C03/2022/07/S5p_SO2-COBRA_24714.nc;2022-07-21 09:10:55.048;2022-07-21 09:26:24.906;24714
C03/2022/07/S5p_SO2-COBRA_24715.nc;2022-07-21 10:50:23.868;2022-07-21 11:05:52.886;24715
C03/2022/07/S5p_SO2-COBRA_24716.nc;2022-07-21 12:31:53.167;2022-07-21 12:45:58.187;24716
C03/2022/07/S5p_SO2-COBRA_24717.nc;2022-07-21 14:13:22.945;2022-07-21 14:26:46.806;24717
C03/2022/07/S5p_SO2-COBRA_24718.nc;2022-07-21 15:54:53.203;2022-07-21 16:08:20.424;24718
C03/2022/07/S5p_SO2-COBRA_24726.nc;2022-07-22 05:42:24.281;2022-07-22 05:44:41.197;24726
C03/2022/07/S5p_SO2-COBRA_24727.nc;2022-07-22 07:20:29.343;2022-07-22 07:26:10.375;24727
C03/2022/07/S5p_SO2-COBRA_24728.nc;2022-07-22 08:54:35.251;2022-07-22 09:07:39.793;24728
C03/2022/07/S5p_SO2-COBRA_24729.nc;2022-07-22 10:31:25.796;2022-07-22 10:47:11.613;24729
C03/2022/07/S5p_SO2-COBRA_24730.nc;2022-07-22 12:12:51.853;2022-07-22 12:27:11.993;24730
C03/2022/07/S5p_SO2-COBRA_24731.nc;2022-07-22 13:54:21.992;2022-07-22 14:07:45.013;24731
C03/2022/07/S5p_SO2-COBRA_24732.nc;2022-07-22 15:35:51.770;2022-07-22 15:49:18.991;24732
C03/2022/07/S5p_SO2-COBRA_24740.nc;2022-07-23 05:24:01.726;2022-07-23 05:25:35.803;24740
C03/2022/07/S5p_SO2-COBRA_24741.nc;2022-07-23 07:02:14.588;2022-07-23 07:06:44.221;24741
C03/2022/07/S5p_SO2-COBRA_24742.nc;2022-07-23 08:37:42.094;2022-07-23 08:48:32.238;24742
C03/2022/07/S5p_SO2-COBRA_24743.nc;2022-07-23 10:12:35.161;2022-07-23 10:28:30.218;24743
C03/2022/07/S5p_SO2-COBRA_24744.nc;2022-07-23 11:53:50.059;2022-07-23 12:08:25.318;24744
C03/2022/07/S5p_SO2-COBRA_24745.nc;2022-07-23 13:35:20.077;2022-07-23 13:48:50.657;24745
C03/2022/07/S5p_SO2-COBRA_24746.nc;2022-07-23 15:16:50.455;2022-07-23 15:30:17.676;24746
C03/2022/07/S5p_SO2-COBRA_24754.nc;2022-07-24 05:05:21.731;2022-07-24 05:06:31.450;24754
C03/2022/07/S5p_SO2-COBRA_24755.nc;2022-07-24 06:43:55.113;2022-07-24 06:48:01.227;24755
C03/2022/07/S5p_SO2-COBRA_24756.nc;2022-07-24 08:20:15.778;2022-07-24 08:29:31.005;24756
C03/2022/07/S5p_SO2-COBRA_24757.nc;2022-07-24 09:53:52.167;2022-07-24 10:09:48.064;24757
C03/2022/07/S5p_SO2-COBRA_24758.nc;2022-07-24 11:34:48.585;2022-07-24 11:49:40.644;24758
C03/2022/07/S5p_SO2-COBRA_24759.nc;2022-07-24 13:16:18.363;2022-07-24 13:29:56.503;24759
C03/2022/07/S5p_SO2-COBRA_24760.nc;2022-07-24 14:57:48.381;2022-07-24 15:11:16.442;24760
C03/2022/07/S5p_SO2-COBRA_24768.nc;2022-07-25 04:46:45.257;2022-07-25 04:47:26.417;24768
C03/2022/07/S5p_SO2-COBRA_24769.nc;2022-07-25 06:25:32.079;2022-07-25 06:28:56.194;24769
C03/2022/07/S5p_SO2-COBRA_24770.nc;2022-07-25 08:02:34.743;2022-07-25 08:10:25.972;24770
C03/2022/07/S5p_SO2-COBRA_24771.nc;2022-07-25 09:35:18.093;2022-07-25 09:51:09.791;24771
C03/2022/07/S5p_SO2-COBRA_24772.nc;2022-07-25 11:15:47.632;2022-07-25 11:30:53.971;24772
C03/2022/07/S5p_SO2-COBRA_24773.nc;2022-07-25 12:57:17.650;2022-07-25 13:11:06.711;24773
C03/2022/07/S5p_SO2-COBRA_24774.nc;2022-07-25 14:38:46.799;2022-07-25 14:52:05.620;24774
C03/2022/07/S5p_SO2-COBRA_24782.nc;2022-07-26 04:27:59.395;2022-07-26 04:28:21.235;24782
C03/2022/07/S5p_SO2-COBRA_24783.nc;2022-07-26 06:07:05.056;2022-07-26 06:09:51.372;24783
C03/2022/07/S5p_SO2-COBRA_24784.nc;2022-07-26 07:44:46.599;2022-07-26 07:51:20.550;24784
C03/2022/07/S5p_SO2-COBRA_24785.nc;2022-07-26 09:16:48.190;2022-07-26 09:32:37.367;24785
C03/2022/07/S5p_SO2-COBRA_24786.nc;2022-07-26 10:56:46.049;2022-07-26 11:12:10.868;24786
C03/2022/07/S5p_SO2-COBRA_24787.nc;2022-07-26 12:38:15.827;2022-07-26 12:52:16.648;24787
C03/2022/07/S5p_SO2-COBRA_24788.nc;2022-07-26 14:19:45.846;2022-07-26 14:33:12.227;24788
C03/2022/07/S5p_SO2-COBRA_24789.nc;2022-07-26 16:01:15.864;2022-07-26 16:14:43.085;24789
C03/2022/07/S5p_SO2-COBRA_24797.nc;2022-07-27 05:48:36.621;2022-07-27 05:50:29.178;24797
C03/2022/07/S5p_SO2-COBRA_24798.nc;2022-07-27 07:26:33.884;2022-07-27 07:32:15.756;24798
C03/2022/07/S5p_SO2-COBRA_24799.nc;2022-07-27 09:00:09.552;2022-07-27 09:13:42.653;24799
C03/2022/07/S5p_SO2-COBRA_24800.nc;2022-07-27 10:37:46.535;2022-07-27 10:53:26.473;24800
C03/2022/07/S5p_SO2-COBRA_24801.nc;2022-07-27 12:19:14.273;2022-07-27 12:33:28.533;24801
C03/2022/07/S5p_SO2-COBRA_24802.nc;2022-07-27 14:00:44.412;2022-07-27 14:14:04.913;24802
C03/2022/07/S5p_SO2-COBRA_24803.nc;2022-07-27 15:42:13.590;2022-07-27 15:55:38.291;24803
C03/2022/07/S5p_SO2-COBRA_24811.nc;2022-07-28 05:30:06.387;2022-07-28 05:31:21.145;24811
C03/2022/07/S5p_SO2-COBRA_24812.nc;2022-07-28 07:08:25.488;2022-07-28 07:13:10.242;24812
C03/2022/07/S5p_SO2-COBRA_24813.nc;2022-07-28 08:43:22.155;2022-07-28 08:54:40.019;24813
C03/2022/07/S5p_SO2-COBRA_24814.nc;2022-07-28 10:18:52.781;2022-07-28 10:34:46.158;24814
C03/2022/07/S5p_SO2-COBRA_24815.nc;2022-07-28 12:00:12.959;2022-07-28 12:14:42.338;24815
C03/2022/07/S5p_SO2-COBRA_24816.nc;2022-07-28 13:41:42.137;2022-07-28 13:55:10.198;24816
C03/2022/07/S5p_SO2-COBRA_24817.nc;2022-07-28 15:23:12.395;2022-07-28 15:36:39.616;24817
C03/2022/07/S5p_SO2-COBRA_24825.nc;2022-07-29 05:11:36.272;2022-07-29 05:12:35.070;24825
C03/2022/07/S5p_SO2-COBRA_24826.nc;2022-07-29 06:50:04.853;2022-07-29 06:54:04.248;24826
C03/2022/07/S5p_SO2-COBRA_24827.nc;2022-07-29 08:26:07.278;2022-07-29 08:35:35.105;24827
C03/2022/07/S5p_SO2-COBRA_24828.nc;2022-07-29 10:00:07.187;2022-07-29 10:16:03.924;24828
C03/2022/07/S5p_SO2-COBRA_24829.nc;2022-07-29 11:41:11.165;2022-07-29 11:55:56.504;24829
C03/2022/07/S5p_SO2-COBRA_24830.nc;2022-07-29 13:22:40.583;2022-07-29 13:36:17.044;24830
C03/2022/07/S5p_SO2-COBRA_24831.nc;2022-07-29 15:04:11.201;2022-07-29 15:17:25.822;24831
C03/2022/07/S5p_SO2-COBRA_24839.nc;2022-07-30 04:52:57.637;2022-07-30 04:53:20.317;24839
C03/2022/07/S5p_SO2-COBRA_24840.nc;2022-07-30 06:31:41.699;2022-07-30 06:34:59.934;24840
C03/2022/07/S5p_SO2-COBRA_24841.nc;2022-07-30 08:08:31.163;2022-07-30 08:16:13.152;24841
C03/2022/07/S5p_SO2-COBRA_24842.nc;2022-07-30 09:41:30.472;2022-07-30 09:57:23.010;24842
C03/2022/07/S5p_SO2-COBRA_24843.nc;2022-07-30 11:22:09.371;2022-07-30 11:37:12.350;24843
C03/2022/07/S5p_SO2-COBRA_24844.nc;2022-07-30 13:03:39.750;2022-07-30 13:17:25.450;24844
C03/2022/07/S5p_SO2-COBRA_24845.nc;2022-07-30 14:45:09.528;2022-07-30 14:58:29.189;24845
C03/2022/07/S5p_SO2-COBRA_24853.nc;2022-07-31 04:34:21.883;2022-07-31 04:34:24.403;24853
C03/2022/07/S5p_SO2-COBRA_24854.nc;2022-07-31 06:13:15.544;2022-07-31 06:15:54.300;24854
C03/2022/07/S5p_SO2-COBRA_24855.nc;2022-07-31 07:50:40.288;2022-07-31 07:57:10.878;24855
C03/2022/07/S5p_SO2-COBRA_24856.nc;2022-07-31 09:22:59.518;2022-07-31 09:38:50.376;24856
C03/2022/07/S5p_SO2-COBRA_24857.nc;2022-07-31 11:03:08.298;2022-07-31 11:18:27.236;24857
C03/2022/07/S5p_SO2-COBRA_24858.nc;2022-07-31 12:44:37.596;2022-07-31 12:58:35.056;24858
C03/2022/07/S5p_SO2-COBRA_24859.nc;2022-07-31 14:26:07.974;2022-07-31 14:39:29.315;24859
C03/2022/07/S5p_SO2-COBRA_24860.nc;2022-07-31 16:19:53.335;2022-07-31 16:21:03.894;24860
C03/2022/08/S5p_SO2-COBRA_24868.nc;2022-08-01 05:54:48.072;2022-08-01 05:56:49.029;24868
C03/2022/08/S5p_SO2-COBRA_24869.nc;2022-08-01 07:32:38.735;2022-08-01 07:38:18.087;24869
C03/2022/08/S5p_SO2-COBRA_24870.nc;2022-08-01 09:05:36.845;2022-08-01 09:10:57.717;24870
C03/2022/08/S5p_SO2-COBRA_24871.nc;2022-08-01 10:51:40.696;2022-08-01 10:59:12.605;24871
C03/2022/08/S5p_SO2-COBRA_24872.nc;2022-08-01 12:25:36.285;2022-08-01 12:39:47.185;24872
C03/2022/08/S5p_SO2-COBRA_24873.nc;2022-08-01 14:07:06.423;2022-08-01 14:20:25.244;24873
C03/2022/08/S5p_SO2-COBRA_24874.nc;2022-08-01 15:48:36.202;2022-08-01 16:02:02.583;24874
C03/2022/08/S5p_SO2-COBRA_24882.nc;2022-08-02 05:36:17.481;2022-08-02 05:37:43.159;24882
C03/2022/08/S5p_SO2-COBRA_24883.nc;2022-08-02 07:14:28.183;2022-08-02 07:19:12.936;24883
C03/2022/08/S5p_SO2-COBRA_24884.nc;2022-08-02 08:49:03.131;2022-08-02 09:00:34.434;24884
C03/2022/08/S5p_SO2-COBRA_24885.nc;2022-08-02 10:25:11.436;2022-08-02 10:41:02.294;24885
C03/2022/08/S5p_SO2-COBRA_24886.nc;2022-08-02 12:06:34.734;2022-08-02 12:20:59.914;24886
C03/2022/08/S5p_SO2-COBRA_24887.nc;2022-08-02 13:48:04.512;2022-08-02 14:01:30.053;24887
C03/2022/08/S5p_SO2-COBRA_24888.nc;2022-08-02 15:29:34.651;2022-08-02 15:42:51.792;24888
C03/2022/08/S5p_SO2-COBRA_24896.nc;2022-08-03 05:17:48.210;2022-08-03 05:18:37.769;24896
C03/2022/08/S5p_SO2-COBRA_24897.nc;2022-08-03 06:56:11.752;2022-08-03 07:00:06.946;24897
C03/2022/08/S5p_SO2-COBRA_24898.nc;2022-08-03 08:32:10.817;2022-08-03 08:41:36.964;24898
C03/2022/08/S5p_SO2-COBRA_24899.nc;2022-08-03 10:06:23.085;2022-08-03 10:22:18.983;24899
C03/2022/08/S5p_SO2-COBRA_24900.nc;2022-08-03 11:47:33.544;2022-08-03 12:02:13.843;24900
C03/2022/08/S5p_SO2-COBRA_24901.nc;2022-08-03 13:29:03.322;2022-08-03 13:42:36.423;24901
C03/2022/08/S5p_SO2-COBRA_24902.nc;2022-08-03 15:10:32.500;2022-08-03 15:23:59.721;24902
C03/2022/08/S5p_SO2-COBRA_24910.nc;2022-08-04 04:59:13.298;2022-08-04 04:59:29.258;24910
C03/2022/08/S5p_SO2-COBRA_24911.nc;2022-08-04 06:37:52.080;2022-08-04 06:40:59.396;24911
C03/2022/08/S5p_SO2-COBRA_24912.nc;2022-08-04 08:14:26.425;2022-08-04 08:22:10.934;24912
C03/2022/08/S5p_SO2-COBRA_24913.nc;2022-08-04 09:47:43.134;2022-08-04 10:03:35.672;24913
C03/2022/08/S5p_SO2-COBRA_24914.nc;2022-08-04 11:28:31.394;2022-08-04 11:43:28.492;24914
C03/2022/08/S5p_SO2-COBRA_24915.nc;2022-08-04 13:10:01.532;2022-08-04 13:23:43.873;24915
C03/2022/08/S5p_SO2-COBRA_24916.nc;2022-08-04 14:51:31.550;2022-08-04 15:04:50.371;24916
C03/2022/08/S5p_SO2-COBRA_24925.nc;2022-08-05 06:19:26.409;2022-08-05 06:21:55.925;24925
C03/2022/08/S5p_SO2-COBRA_24926.nc;2022-08-05 07:56:39.993;2022-08-05 08:03:20.663;24926
C03/2022/08/S5p_SO2-COBRA_24927.nc;2022-08-05 09:29:10.744;2022-08-05 09:44:54.041;24927
C03/2022/08/S5p_SO2-COBRA_24928.nc;2022-08-05 11:09:30.204;2022-08-05 11:24:43.262;24928
C03/2022/08/S5p_SO2-COBRA_24929.nc;2022-08-05 12:51:00.102;2022-08-05 13:04:52.522;24929
C03/2022/08/S5p_SO2-COBRA_24930.nc;2022-08-05 14:32:29.401;2022-08-05 14:45:51.582;24930
C03/2022/08/S5p_SO2-COBRA_24931.nc;2022-08-05 16:27:04.200;2022-08-05 16:27:26.880;24931
C03/2022/08/S5p_SO2-COBRA_24939.nc;2022-08-06 06:00:59.059;2022-08-06 06:02:49.936;24939
C03/2022/08/S5p_SO2-COBRA_24940.nc;2022-08-06 07:38:41.202;2022-08-06 07:44:19.714;24940
C03/2022/08/S5p_SO2-COBRA_24941.nc;2022-08-06 09:10:59.113;2022-08-06 09:25:49.492;24941
C03/2022/08/S5p_SO2-COBRA_24942.nc;2022-08-06 10:50:28.174;2022-08-06 11:06:00.552;24942
C03/2022/08/S5p_SO2-COBRA_24943.nc;2022-08-06 12:31:57.952;2022-08-06 12:45:56.252;24943
C03/2022/08/S5p_SO2-COBRA_24944.nc;2022-08-06 14:13:28.450;2022-08-06 14:26:55.671;24944
C03/2022/08/S5p_SO2-COBRA_24945.nc;2022-08-06 15:54:58.229;2022-08-06 16:08:25.450;24945
C03/2022/08/S5p_SO2-COBRA_24953.nc;2022-08-07 05:42:30.029;2022-08-07 05:43:43.948;24953
C03/2022/08/S5p_SO2-COBRA_24954.nc;2022-08-07 07:20:33.502;2022-08-07 07:25:13.216;24954
C03/2022/08/S5p_SO2-COBRA_24955.nc;2022-08-07 08:54:40.011;2022-08-07 09:06:36.514;24955
C03/2022/08/S5p_SO2-COBRA_24956.nc;2022-08-07 10:31:30.555;2022-08-07 10:47:18.053;24956
C03/2022/08/S5p_SO2-COBRA_24957.nc;2022-08-07 12:12:56.374;2022-08-07 12:27:15.674;24957
C03/2022/08/S5p_SO2-COBRA_24958.nc;2022-08-07 13:54:26.392;2022-08-07 14:07:51.093;24958
C03/2022/08/S5p_SO2-COBRA_24959.nc;2022-08-07 15:35:56.051;2022-08-07 15:49:24.112;24959
C03/2022/08/S5p_SO2-COBRA_24967.nc;2022-08-08 05:23:57.972;2022-08-08 05:24:37.451;24967
C03/2022/08/S5p_SO2-COBRA_24968.nc;2022-08-08 07:02:18.995;2022-08-08 07:06:07.469;24968
C03/2022/08/S5p_SO2-COBRA_24969.nc;2022-08-08 08:37:42.781;2022-08-08 08:47:27.407;24969
C03/2022/08/S5p_SO2-COBRA_24970.nc;2022-08-08 10:12:39.449;2022-08-08 10:28:29.466;24970
C03/2022/08/S5p_SO2-COBRA_24971.nc;2022-08-08 11:53:55.548;2022-08-08 12:08:29.967;24971
C03/2022/08/S5p_SO2-COBRA_24972.nc;2022-08-08 13:35:25.327;2022-08-08 13:48:55.068;24972
C03/2022/08/S5p_SO2-COBRA_24973.nc;2022-08-08 15:16:54.506;2022-08-08 15:30:22.566;24973
C03/2022/08/S5p_SO2-COBRA_24981.nc;2022-08-09 05:05:25.827;2022-08-09 05:05:31.707;24981
C03/2022/08/S5p_SO2-COBRA_24982.nc;2022-08-09 06:43:59.570;2022-08-09 06:46:45.886;24982
C03/2022/08/S5p_SO2-COBRA_24983.nc;2022-08-09 08:20:20.235;2022-08-09 08:28:30.783;24983
C03/2022/08/S5p_SO2-COBRA_24984.nc;2022-08-09 09:53:57.344;2022-08-09 10:09:49.041;24984
C03/2022/08/S5p_SO2-COBRA_24985.nc;2022-08-09 11:34:53.763;2022-08-09 11:49:44.982;24985
C03/2022/08/S5p_SO2-COBRA_24986.nc;2022-08-09 13:16:23.301;2022-08-09 13:30:01.442;24986
C03/2022/08/S5p_SO2-COBRA_24987.nc;2022-08-09 14:57:53.320;2022-08-09 15:11:20.541;24987
C03/2022/08/S5p_SO2-COBRA_24996.nc;2022-08-10 06:25:36.061;2022-08-10 06:27:55.497;24996
C03/2022/08/S5p_SO2-COBRA_24997.nc;2022-08-10 08:02:51.685;2022-08-10 08:09:15.556;24997
C03/2022/08/S5p_SO2-COBRA_24998.nc;2022-08-10 09:35:22.196;2022-08-10 09:50:54.573;24998
C03/2022/08/S5p_SO2-COBRA_24999.nc;2022-08-10 11:15:51.735;2022-08-10 11:31:00.594;24999
C03/2022/08/S5p_SO2-COBRA_25000.nc;2022-08-10 12:57:21.753;2022-08-10 13:11:11.654;25000
C03/2022/08/S5p_SO2-COBRA_25001.nc;2022-08-10 14:38:51.892;2022-08-10 14:52:10.713;25001
C03/2022/08/S5p_SO2-COBRA_25010.nc;2022-08-11 06:07:38.231;2022-08-11 06:08:48.789;25010
C03/2022/08/S5p_SO2-COBRA_25011.nc;2022-08-11 07:44:43.415;2022-08-11 07:50:18.567;25011
C03/2022/08/S5p_SO2-COBRA_25012.nc;2022-08-11 09:16:52.446;2022-08-11 09:31:47.865;25012
C03/2022/08/S5p_SO2-COBRA_25013.nc;2022-08-11 10:56:50.666;2022-08-11 11:12:16.324;25013
C03/2022/08/S5p_SO2-COBRA_25014.nc;2022-08-11 12:38:20.444;2022-08-11 12:52:22.105;25014
C03/2022/08/S5p_SO2-COBRA_25015.nc;2022-08-11 14:19:49.623;2022-08-11 14:33:05.924;25015
C03/2022/08/S5p_SO2-COBRA_25016.nc;2022-08-11 16:01:19.762;2022-08-11 16:14:44.463;25016
C03/2022/08/S5p_SO2-COBRA_25024.nc;2022-08-12 05:48:40.406;2022-08-12 05:49:31.645;25024
C03/2022/08/S5p_SO2-COBRA_25025.nc;2022-08-12 07:26:38.749;2022-08-12 07:31:00.823;25025
C03/2022/08/S5p_SO2-COBRA_25026.nc;2022-08-12 09:00:12.499;2022-08-12 09:12:36.721;25026
C03/2022/08/S5p_SO2-COBRA_25027.nc;2022-08-12 10:37:50.203;2022-08-12 10:53:25.941;25027
C03/2022/08/S5p_SO2-COBRA_25028.nc;2022-08-12 12:19:18.541;2022-08-12 12:33:33.641;25028
C03/2022/08/S5p_SO2-COBRA_25029.nc;2022-08-12 14:00:48.560;2022-08-12 14:14:14.941;25029
C03/2022/08/S5p_SO2-COBRA_25030.nc;2022-08-12 15:42:18.579;2022-08-12 15:55:44.960;25030
C03/2022/08/S5p_SO2-COBRA_25038.nc;2022-08-13 05:30:12.463;2022-08-13 05:30:29.262;25038
C03/2022/08/S5p_SO2-COBRA_25039.nc;2022-08-13 07:08:26.166;2022-08-13 07:12:04.561;25039
C03/2022/08/S5p_SO2-COBRA_25040.nc;2022-08-13 08:43:26.554;2022-08-13 08:53:32.180;25040
C03/2022/08/S5p_SO2-COBRA_25041.nc;2022-08-13 10:18:57.061;2022-08-13 10:34:37.839;25041
C03/2022/08/S5p_SO2-COBRA_25042.nc;2022-08-13 12:00:16.761;2022-08-13 12:14:45.300;25042
C03/2022/08/S5p_SO2-COBRA_25043.nc;2022-08-13 13:41:46.780;2022-08-13 13:55:14.841;25043
C03/2022/08/S5p_SO2-COBRA_25044.nc;2022-08-13 15:23:16.319;2022-08-13 15:36:44.380;25044
C03/2022/08/S5p_SO2-COBRA_25053.nc;2022-08-14 06:50:08.425;2022-08-14 06:52:59.781;25053
C03/2022/08/S5p_SO2-COBRA_25054.nc;2022-08-14 08:26:11.091;2022-08-14 08:34:29.200;25054
C03/2022/08/S5p_SO2-COBRA_25055.nc;2022-08-14 10:00:11.721;2022-08-14 10:15:56.698;25055
C03/2022/08/S5p_SO2-COBRA_25056.nc;2022-08-14 11:41:15.700;2022-08-14 11:56:00.199;25056
C03/2022/08/S5p_SO2-COBRA_25057.nc;2022-08-14 13:22:44.999;2022-08-14 13:36:19.780;25057
C03/2022/08/S5p_SO2-COBRA_25058.nc;2022-08-14 15:04:14.778;2022-08-14 15:17:39.479;25058
C03/2022/08/S5p_SO2-COBRA_25067.nc;2022-08-15 06:31:45.685;2022-08-15 06:33:53.362;25067
C03/2022/08/S5p_SO2-COBRA_25068.nc;2022-08-15 08:08:34.910;2022-08-15 08:15:17.260;25068
C03/2022/08/S5p_SO2-COBRA_25069.nc;2022-08-15 09:41:34.221;2022-08-15 09:56:52.319;25069
C03/2022/08/S5p_SO2-COBRA_25070.nc;2022-08-15 11:22:13.841;2022-08-15 11:37:15.980;25070
C03/2022/08/S5p_SO2-COBRA_25071.nc;2022-08-15 13:03:43.620;2022-08-15 13:17:29.320;25071
C03/2022/08/S5p_SO2-COBRA_25072.nc;2022-08-15 14:45:12.919;2022-08-15 14:58:32.580;25072
C03/2022/08/S5p_SO2-COBRA_25081.nc;2022-08-16 06:13:19.906;2022-08-16 06:14:46.424;25081
C03/2022/08/S5p_SO2-COBRA_25082.nc;2022-08-16 07:50:43.811;2022-08-16 07:56:12.243;25082
C03/2022/08/S5p_SO2-COBRA_25083.nc;2022-08-16 09:23:03.402;2022-08-16 09:37:46.222;25083
C03/2022/08/S5p_SO2-COBRA_25084.nc;2022-08-16 11:03:12.063;2022-08-16 11:18:21.762;25084
C03/2022/08/S5p_SO2-COBRA_25085.nc;2022-08-16 12:44:41.843;2022-08-16 12:58:37.623;25085
C03/2022/08/S5p_SO2-COBRA_25086.nc;2022-08-16 14:26:11.862;2022-08-16 14:39:26.483;25086
C03/2022/08/S5p_SO2-COBRA_25087.nc;2022-08-16 16:19:55.543;2022-08-16 16:21:04.422;25087
C03/2022/08/S5p_SO2-COBRA_25095.nc;2022-08-17 05:54:51.608;2022-08-17 05:55:40.327;25095
C03/2022/08/S5p_SO2-COBRA_25096.nc;2022-08-17 07:32:42.392;2022-08-17 07:36:47.666;25096
C03/2022/08/S5p_SO2-COBRA_25097.nc;2022-08-17 09:05:40.622;2022-08-17 09:18:39.284;25097
C03/2022/08/S5p_SO2-COBRA_25098.nc;2022-08-17 10:44:11.006;2022-08-17 10:59:32.464;25098
C03/2022/08/S5p_SO2-COBRA_25099.nc;2022-08-17 12:25:39.945;2022-08-17 12:39:49.165;25099
C03/2022/08/S5p_SO2-COBRA_25100.nc;2022-08-17 14:07:09.964;2022-08-17 14:20:30.466;25100
C03/2022/08/S5p_SO2-COBRA_25101.nc;2022-08-17 15:48:40.223;2022-08-17 16:01:59.885;25101
C03/2022/08/S5p_SO2-COBRA_25109.nc;2022-08-18 05:36:21.470;2022-08-18 05:36:33.229;25109
C03/2022/08/S5p_SO2-COBRA_25110.nc;2022-08-18 07:14:31.693;2022-08-18 07:18:02.528;25110
C03/2022/08/S5p_SO2-COBRA_25111.nc;2022-08-18 08:49:06.522;2022-08-18 08:59:32.307;25111
C03/2022/08/S5p_SO2-COBRA_25112.nc;2022-08-18 10:25:15.068;2022-08-18 10:40:48.286;25112
C03/2022/08/S5p_SO2-COBRA_25113.nc;2022-08-18 12:06:38.128;2022-08-18 12:21:03.307;25113
C03/2022/08/S5p_SO2-COBRA_25114.nc;2022-08-18 13:48:08.267;2022-08-18 14:01:32.968;25114
C03/2022/08/S5p_SO2-COBRA_25115.nc;2022-08-18 15:29:38.526;2022-08-18 15:42:54.827;25115
C03/2022/08/S5p_SO2-COBRA_25124.nc;2022-08-19 06:56:15.395;2022-08-19 06:58:55.831;25124
C03/2022/08/S5p_SO2-COBRA_25125.nc;2022-08-19 08:32:00.422;2022-08-19 08:40:25.250;25125
C03/2022/08/S5p_SO2-COBRA_25126.nc;2022-08-19 10:06:27.091;2022-08-19 10:21:52.749;25126
C03/2022/08/S5p_SO2-COBRA_25127.nc;2022-08-19 11:47:36.950;2022-08-19 12:02:13.049;25127
C03/2022/08/S5p_SO2-COBRA_25128.nc;2022-08-19 13:29:07.089;2022-08-19 13:42:40.190;25128
C03/2022/08/S5p_SO2-COBRA_25129.nc;2022-08-19 15:10:36.509;2022-08-19 15:24:04.570;25129
C03/2022/08/S5p_SO2-COBRA_25138.nc;2022-08-20 06:37:54.719;2022-08-20 06:39:49.797;25138
C03/2022/08/S5p_SO2-COBRA_25139.nc;2022-08-20 08:14:30.145;2022-08-20 08:21:19.215;25139
C03/2022/08/S5p_SO2-COBRA_25140.nc;2022-08-20 09:47:46.736;2022-08-20 10:02:48.874;25140
C03/2022/08/S5p_SO2-COBRA_25141.nc;2022-08-20 11:28:34.756;2022-08-20 11:43:18.415;25141
C03/2022/08/S5p_SO2-COBRA_25142.nc;2022-08-20 13:10:04.775;2022-08-20 13:23:47.955;25142
C03/2022/08/S5p_SO2-COBRA_25143.nc;2022-08-20 14:51:34.554;2022-08-20 15:05:01.775;25143
C03/2022/08/S5p_SO2-COBRA_25152.nc;2022-08-21 06:19:29.544;2022-08-21 06:20:42.622;25152
C03/2022/08/S5p_SO2-COBRA_25153.nc;2022-08-21 07:56:43.609;2022-08-21 08:01:51.882;25153
C03/2022/08/S5p_SO2-COBRA_25154.nc;2022-08-21 09:29:14.000;2022-08-21 09:43:41.700;25154
C03/2022/08/S5p_SO2-COBRA_25155.nc;2022-08-21 11:09:33.701;2022-08-21 11:24:26.600;25155
C03/2022/08/S5p_SO2-COBRA_25156.nc;2022-08-21 12:51:02.880;2022-08-21 13:04:46.061;25156
C03/2022/08/S5p_SO2-COBRA_25157.nc;2022-08-21 14:32:33.500;2022-08-21 14:45:48.121;25157
C03/2022/08/S5p_SO2-COBRA_25166.nc;2022-08-22 06:01:03.170;2022-08-22 06:01:35.929;25166
C03/2022/08/S5p_SO2-COBRA_25167.nc;2022-08-22 07:38:44.714;2022-08-22 07:43:05.108;25167
C03/2022/08/S5p_SO2-COBRA_25168.nc;2022-08-22 09:11:02.865;2022-08-22 09:24:35.126;25168
C03/2022/08/S5p_SO2-COBRA_25169.nc;2022-08-22 10:50:32.167;2022-08-22 11:06:03.706;25169
C03/2022/08/S5p_SO2-COBRA_25170.nc;2022-08-22 12:32:01.707;2022-08-22 12:46:01.687;25170
C03/2022/08/S5p_SO2-COBRA_25171.nc;2022-08-22 14:13:31.487;2022-08-22 14:26:58.708;25171
C03/2022/08/S5p_SO2-COBRA_25172.nc;2022-08-22 15:55:01.506;2022-08-22 16:08:26.207;25172
C03/2022/08/S5p_SO2-COBRA_25181.nc;2022-08-23 07:20:37.303;2022-08-23 07:23:58.058;25181
C03/2022/08/S5p_SO2-COBRA_25182.nc;2022-08-23 08:54:42.972;2022-08-23 09:05:28.077;25182
C03/2022/08/S5p_SO2-COBRA_25183.nc;2022-08-23 10:31:33.878;2022-08-23 10:46:57.016;25183
C03/2022/08/S5p_SO2-COBRA_25184.nc;2022-08-23 12:12:59.578;2022-08-23 12:27:15.518;25184
C03/2022/08/S5p_SO2-COBRA_25185.nc;2022-08-23 13:54:29.478;2022-08-23 14:07:56.699;25185
C03/2022/08/S5p_SO2-COBRA_25186.nc;2022-08-23 15:35:59.257;2022-08-23 15:49:27.318;25186
C03/2022/08/S5p_SO2-COBRA_25195.nc;2022-08-24 07:02:22.090;2022-08-24 07:04:50.766;25195
C03/2022/08/S5p_SO2-COBRA_25196.nc;2022-08-24 08:37:45.877;2022-08-24 08:46:20.785;25196
C03/2022/08/S5p_SO2-COBRA_25197.nc;2022-08-24 10:12:42.786;2022-08-24 10:27:49.965;25197
C03/2022/08/S5p_SO2-COBRA_25198.nc;2022-08-24 11:53:58.286;2022-08-24 12:08:30.186;25198
C03/2022/08/S5p_SO2-COBRA_25199.nc;2022-08-24 13:35:27.706;2022-08-24 13:48:58.287;25199
C03/2022/08/S5p_SO2-COBRA_25200.nc;2022-08-24 15:16:58.086;2022-08-24 15:30:25.308;25200
C03/2022/08/S5p_SO2-COBRA_25209.nc;2022-08-25 06:44:17.319;2022-08-25 06:45:43.837;25209
C03/2022/08/S5p_SO2-COBRA_25210.nc;2022-08-25 08:20:23.106;2022-08-25 08:27:13.856;25210
C03/2022/08/S5p_SO2-COBRA_25211.nc;2022-08-25 09:53:59.976;2022-08-25 10:08:43.635;25211
C03/2022/08/S5p_SO2-COBRA_25212.nc;2022-08-25 11:34:56.397;2022-08-25 11:49:46.776;25212
C03/2022/08/S5p_SO2-COBRA_25213.nc;2022-08-25 13:16:26.176;2022-08-25 13:30:05.997;25213
C03/2022/08/S5p_SO2-COBRA_25214.nc;2022-08-25 14:57:56.437;2022-08-25 15:11:23.658;25214
C03/2022/08/S5p_SO2-COBRA_25223.nc;2022-08-26 06:25:38.952;2022-08-26 06:26:36.910;25223
C03/2022/08/S5p_SO2-COBRA_25224.nc;2022-08-26 08:02:41.617;2022-08-26 08:08:06.690;25224
C03/2022/08/S5p_SO2-COBRA_25225.nc;2022-08-26 09:35:24.969;2022-08-26 09:49:35.869;25225
C03/2022/08/S5p_SO2-COBRA_25226.nc;2022-08-26 11:15:55.110;2022-08-26 11:31:00.609;25226
C03/2022/08/S5p_SO2-COBRA_25227.nc;2022-08-26 12:57:24.290;2022-08-26 13:11:04.111;25227
C03/2022/08/S5p_SO2-COBRA_25228.nc;2022-08-26 14:38:54.070;2022-08-26 14:52:12.891;25228
C03/2022/08/S5p_SO2-COBRA_25237.nc;2022-08-27 06:07:12.105;2022-08-27 06:07:29.745;25237
C03/2022/08/S5p_SO2-COBRA_25238.nc;2022-08-27 07:44:46.090;2022-08-27 07:48:58.924;25238
C03/2022/08/S5p_SO2-COBRA_25239.nc;2022-08-27 09:16:54.762;2022-08-27 09:30:28.703;25239
C03/2022/08/S5p_SO2-COBRA_25240.nc;2022-08-27 10:56:53.224;2022-08-27 11:11:57.883;25240
C03/2022/08/S5p_SO2-COBRA_25241.nc;2022-08-27 12:38:23.004;2022-08-27 12:52:21.305;25241
C03/2022/08/S5p_SO2-COBRA_25242.nc;2022-08-27 14:19:53.025;2022-08-27 14:33:17.726;25242
C03/2022/08/S5p_SO2-COBRA_25243.nc;2022-08-27 16:01:22.805;2022-08-27 16:14:50.026;25243
C03/2022/08/S5p_SO2-COBRA_25252.nc;2022-08-28 07:26:49.243;2022-08-28 07:29:52.359;25252
C03/2022/08/S5p_SO2-COBRA_25253.nc;2022-08-28 09:00:14.954;2022-08-28 09:11:21.899;25253
C03/2022/08/S5p_SO2-COBRA_25254.nc;2022-08-28 10:37:53.380;2022-08-28 10:52:51.319;25254
C03/2022/08/S5p_SO2-COBRA_25255.nc;2022-08-28 12:19:21.480;2022-08-28 12:33:32.380;25255
C03/2022/08/S5p_SO2-COBRA_25256.nc;2022-08-28 14:00:50.900;2022-08-28 14:14:18.961;25256
C03/2022/08/S5p_SO2-COBRA_25257.nc;2022-08-28 15:42:20.920;2022-08-28 15:55:45.621;25257
C03/2022/08/S5p_SO2-COBRA_25266.nc;2022-08-29 07:08:28.397;2022-08-29 07:10:44.474;25266
C03/2022/08/S5p_SO2-COBRA_25267.nc;2022-08-29 08:43:28.666;2022-08-29 08:52:14.493;25267
C03/2022/08/S5p_SO2-COBRA_25268.nc;2022-08-29 10:18:59.174;2022-08-29 10:33:43.673;25268
C03/2022/08/S5p_SO2-COBRA_25269.nc;2022-08-29 12:00:19.714;2022-08-29 12:14:48.253;25269
C03/2022/08/S5p_SO2-COBRA_25270.nc;2022-08-29 13:41:48.894;2022-08-29 13:55:12.755;25270
C03/2022/08/S5p_SO2-COBRA_25271.nc;2022-08-29 15:23:19.034;2022-08-29 15:36:46.255;25271
C03/2022/08/S5p_SO2-COBRA_25280.nc;2022-08-30 06:50:10.190;2022-08-30 06:51:37.548;25280
C03/2022/08/S5p_SO2-COBRA_25281.nc;2022-08-30 08:26:13.457;2022-08-30 08:32:59.167;25281
C03/2022/08/S5p_SO2-COBRA_25282.nc;2022-08-30 10:00:13.847;2022-08-30 10:14:36.507;25282
C03/2022/08/S5p_SO2-COBRA_25283.nc;2022-08-30 11:41:17.587;2022-08-30 11:55:31.008;25283
C03/2022/08/S5p_SO2-COBRA_25284.nc;2022-08-30 13:22:47.608;2022-08-30 13:36:00.549;25284
C03/2022/08/S5p_SO2-COBRA_25285.nc;2022-08-30 15:04:17.628;2022-08-30 15:16:53.610;25285
C03/2022/08/S5p_SO2-COBRA_25294.nc;2022-08-31 06:31:48.186;2022-08-31 06:32:30.185;25294
C03/2022/08/S5p_SO2-COBRA_25295.nc;2022-08-31 08:08:37.652;2022-08-31 08:13:59.365;25295
C03/2022/08/S5p_SO2-COBRA_25296.nc;2022-08-31 09:41:36.724;2022-08-31 09:55:03.105;25296
C03/2022/08/S5p_SO2-COBRA_25297.nc;2022-08-31 11:22:15.865;2022-08-31 11:36:35.165;25297
C03/2022/08/S5p_SO2-COBRA_25298.nc;2022-08-31 13:03:45.645;2022-08-31 13:16:53.547;25298
C03/2022/08/S5p_SO2-COBRA_25299.nc;2022-08-31 14:45:15.666;2022-08-31 14:57:35.689;25299
C03/2022/09/S5p_SO2-COBRA_25309.nc;2022-09-01 07:50:46.209;2022-09-01 07:54:51.483;25309
C03/2022/09/S5p_SO2-COBRA_25310.nc;2022-09-01 09:23:05.802;2022-09-01 09:36:01.944;25310
C03/2022/09/S5p_SO2-COBRA_25311.nc;2022-09-01 11:03:14.344;2022-09-01 11:17:51.284;25311
C03/2022/09/S5p_SO2-COBRA_25312.nc;2022-09-01 12:44:44.125;2022-09-01 12:57:48.667;25312
C03/2022/09/S5p_SO2-COBRA_25313.nc;2022-09-01 14:26:13.905;2022-09-01 14:38:36.448;25313
C03/2022/09/S5p_SO2-COBRA_25323.nc;2022-09-02 07:33:07.518;2022-09-02 07:35:31.155;25323
C03/2022/09/S5p_SO2-COBRA_25324.nc;2022-09-02 09:05:42.591;2022-09-02 09:17:13.895;25324
C03/2022/09/S5p_SO2-COBRA_25325.nc;2022-09-02 10:44:13.096;2022-09-02 10:58:43.315;25325
C03/2022/09/S5p_SO2-COBRA_25326.nc;2022-09-02 12:25:42.276;2022-09-02 12:39:14.537;25326
C03/2022/09/S5p_SO2-COBRA_25327.nc;2022-09-02 14:07:12.057;2022-09-02 14:19:53.079;25327
C03/2022/09/S5p_SO2-COBRA_25328.nc;2022-09-02 15:48:42.078;2022-09-02 16:00:36.061;25328
C03/2022/09/S5p_SO2-COBRA_25337.nc;2022-09-03 07:15:04.799;2022-09-03 07:16:09.478;25337
C03/2022/09/S5p_SO2-COBRA_25338.nc;2022-09-03 08:49:08.550;2022-09-03 08:58:06.138;25338
C03/2022/09/S5p_SO2-COBRA_25339.nc;2022-09-03 10:25:16.858;2022-09-03 10:39:36.158;25339
C03/2022/09/S5p_SO2-COBRA_25340.nc;2022-09-03 12:06:40.039;2022-09-03 12:20:18.180;25340
C03/2022/09/S5p_SO2-COBRA_25341.nc;2022-09-03 13:48:10.660;2022-09-03 14:00:52.522;25341
C03/2022/09/S5p_SO2-COBRA_25342.nc;2022-09-03 15:29:40.201;2022-09-03 15:41:41.744;25342
C03/2022/09/S5p_SO2-COBRA_25351.nc;2022-09-04 06:56:23.803;2022-09-04 06:57:24.281;25351
C03/2022/09/S5p_SO2-COBRA_25352.nc;2022-09-04 08:32:06.911;2022-09-04 08:38:58.501;25352
C03/2022/09/S5p_SO2-COBRA_25353.nc;2022-09-04 10:06:28.301;2022-09-04 10:20:28.282;25353
C03/2022/09/S5p_SO2-COBRA_25354.nc;2022-09-04 11:47:38.283;2022-09-04 12:01:24.823;25354
C03/2022/09/S5p_SO2-COBRA_25355.nc;2022-09-04 13:29:08.544;2022-09-04 13:41:57.966;25355
C03/2022/09/S5p_SO2-COBRA_25356.nc;2022-09-04 15:10:38.325;2022-09-04 15:22:37.348;25356
C03/2022/09/S5p_SO2-COBRA_25365.nc;2022-09-05 06:37:57.809;2022-09-05 06:38:21.328;25365
C03/2022/09/S5p_SO2-COBRA_25366.nc;2022-09-05 08:14:33.836;2022-09-05 08:19:50.509;25366
C03/2022/09/S5p_SO2-COBRA_25367.nc;2022-09-05 09:47:48.268;2022-09-05 10:01:11.289;25367
C03/2022/09/S5p_SO2-COBRA_25368.nc;2022-09-05 11:28:36.650;2022-09-05 11:42:39.150;25368
C03/2022/09/S5p_SO2-COBRA_25369.nc;2022-09-05 13:10:06.791;2022-09-05 13:22:57.053;25369
C03/2022/09/S5p_SO2-COBRA_25370.nc;2022-09-05 14:51:36.572;2022-09-05 15:03:36.436;25370
C03/2022/09/S5p_SO2-COBRA_25380.nc;2022-09-06 07:57:03.402;2022-09-06 08:00:43.477;25380
C03/2022/09/S5p_SO2-COBRA_25381.nc;2022-09-06 09:29:15.435;2022-09-06 09:42:12.417;25381
C03/2022/09/S5p_SO2-COBRA_25382.nc;2022-09-06 11:09:34.898;2022-09-06 11:23:42.438;25382
C03/2022/09/S5p_SO2-COBRA_25383.nc;2022-09-06 12:51:05.159;2022-09-06 13:04:05.501;25383
C03/2022/09/S5p_SO2-COBRA_25384.nc;2022-09-06 14:32:34.340;2022-09-06 14:44:38.404;25384
C03/2022/09/S5p_SO2-COBRA_25394.nc;2022-09-07 07:38:51.210;2022-09-07 07:41:32.486;25394
C03/2022/09/S5p_SO2-COBRA_25395.nc;2022-09-07 09:11:04.323;2022-09-07 09:22:29.747;25395
C03/2022/09/S5p_SO2-COBRA_25396.nc;2022-09-07 10:50:33.386;2022-09-07 11:04:34.207;25396
C03/2022/09/S5p_SO2-COBRA_25397.nc;2022-09-07 12:32:03.167;2022-09-07 12:45:12.749;25397
C03/2022/09/S5p_SO2-COBRA_25398.nc;2022-09-07 14:13:32.468;2022-09-07 14:25:40.732;25398
C03/2022/09/S5p_SO2-COBRA_25399.nc;2022-09-07 15:55:02.850;2022-09-07 16:06:16.514;25399
C03/2022/09/S5p_SO2-COBRA_25408.nc;2022-09-08 07:20:41.178;2022-09-08 07:22:27.015;25408
C03/2022/09/S5p_SO2-COBRA_25409.nc;2022-09-08 08:54:44.208;2022-09-08 09:03:56.915;25409
C03/2022/09/S5p_SO2-COBRA_25410.nc;2022-09-08 10:31:35.235;2022-09-08 10:45:26.816;25410
C03/2022/09/S5p_SO2-COBRA_25411.nc;2022-09-08 12:13:01.056;2022-09-08 12:26:13.998;25411
C03/2022/09/S5p_SO2-COBRA_25412.nc;2022-09-08 13:54:31.078;2022-09-08 14:06:40.181;25412
C03/2022/09/S5p_SO2-COBRA_25413.nc;2022-09-08 15:36:01.219;2022-09-08 15:45:50.886;25413
C03/2022/09/S5p_SO2-COBRA_25422.nc;2022-09-09 07:02:46.506;2022-09-09 07:03:19.266;25422
C03/2022/09/S5p_SO2-COBRA_25423.nc;2022-09-09 08:37:47.376;2022-09-09 08:44:49.046;25423
C03/2022/09/S5p_SO2-COBRA_25424.nc;2022-09-09 10:12:43.686;2022-09-09 10:26:17.627;25424
C03/2022/09/S5p_SO2-COBRA_25425.nc;2022-09-09 11:53:59.187;2022-09-09 12:07:25.569;25425
C03/2022/09/S5p_SO2-COBRA_25426.nc;2022-09-09 13:35:28.969;2022-09-09 13:47:46.471;25426
C03/2022/09/S5p_SO2-COBRA_25427.nc;2022-09-09 15:16:58.750;2022-09-09 15:28:18.294;25427
C03/2022/09/S5p_SO2-COBRA_25437.nc;2022-09-10 08:20:24.387;2022-09-10 08:25:41.059;25437
C03/2022/09/S5p_SO2-COBRA_25438.nc;2022-09-10 09:54:01.498;2022-09-10 10:07:10.240;25438
C03/2022/09/S5p_SO2-COBRA_25439.nc;2022-09-10 11:34:57.560;2022-09-10 11:48:39.901;25439
C03/2022/09/S5p_SO2-COBRA_25440.nc;2022-09-10 13:16:27.702;2022-09-10 13:28:51.924;25440
C03/2022/09/S5p_SO2-COBRA_25441.nc;2022-09-10 14:57:56.883;2022-09-10 15:09:29.027;25441
C03/2022/09/S5p_SO2-COBRA_25451.nc;2022-09-11 08:02:44.719;2022-09-11 08:06:33.193;25451
C03/2022/09/S5p_SO2-COBRA_25452.nc;2022-09-11 09:35:26.152;2022-09-11 09:48:02.974;25452
C03/2022/09/S5p_SO2-COBRA_25453.nc;2022-09-11 11:15:55.694;2022-09-11 11:29:32.155;25453
C03/2022/09/S5p_SO2-COBRA_25454.nc;2022-09-11 12:57:25.956;2022-09-11 13:10:01.098;25454
C03/2022/09/S5p_SO2-COBRA_25455.nc;2022-09-11 14:38:55.257;2022-09-11 14:50:29.921;25455
C03/2022/09/S5p_SO2-COBRA_25465.nc;2022-09-12 07:44:47.771;2022-09-12 07:47:23.168;25465
C03/2022/09/S5p_SO2-COBRA_25466.nc;2022-09-12 09:16:55.965;2022-09-12 09:28:53.309;25466
C03/2022/09/S5p_SO2-COBRA_25467.nc;2022-09-12 10:56:53.469;2022-09-12 11:10:24.050;25467
C03/2022/09/S5p_SO2-COBRA_25468.nc;2022-09-12 12:38:23.490;2022-09-12 12:51:01.992;25468
C03/2022/09/S5p_SO2-COBRA_25469.nc;2022-09-12 14:19:53.752;2022-09-12 14:31:30.096;25469
C03/2022/09/S5p_SO2-COBRA_25470.nc;2022-09-12 16:01:23.893;2022-09-12 16:03:49.210;25470
C03/2022/09/S5p_SO2-COBRA_25479.nc;2022-09-13 07:26:41.945;2022-09-13 07:28:16.863;25479
C03/2022/09/S5p_SO2-COBRA_25480.nc;2022-09-13 09:00:15.697;2022-09-13 09:09:46.044;25480
C03/2022/09/S5p_SO2-COBRA_25481.nc;2022-09-13 10:37:54.003;2022-09-13 10:51:14.505;25481
C03/2022/09/S5p_SO2-COBRA_25482.nc;2022-09-13 12:19:21.745;2022-09-13 12:32:15.367;25482
C03/2022/09/S5p_SO2-COBRA_25483.nc;2022-09-13 14:00:51.526;2022-09-13 14:12:35.430;25483
C03/2022/09/S5p_SO2-COBRA_25484.nc;2022-09-13 15:42:21.188;2022-09-13 15:53:06.293;25484
C03/2022/09/S5p_SO2-COBRA_25493.nc;2022-09-14 07:08:29.279;2022-09-14 07:09:08.759;25493
C03/2022/09/S5p_SO2-COBRA_25494.nc;2022-09-14 08:43:58.469;2022-09-14 08:49:53.781;25494
C03/2022/09/S5p_SO2-COBRA_25495.nc;2022-09-14 10:19:00.179;2022-09-14 10:32:08.081;25495
C03/2022/09/S5p_SO2-COBRA_25496.nc;2022-09-14 12:00:19.641;2022-09-14 12:13:31.742;25496
C03/2022/09/S5p_SO2-COBRA_25497.nc;2022-09-14 13:41:49.662;2022-09-14 13:53:28.526;25497
C03/2022/09/S5p_SO2-COBRA_25498.nc;2022-09-14 15:23:19.684;2022-09-14 15:34:10.669;25498
C03/2022/09/S5p_SO2-COBRA_25508.nc;2022-09-15 08:26:20.723;2022-09-15 08:31:15.557;25508
C03/2022/09/S5p_SO2-COBRA_25509.nc;2022-09-15 10:00:14.395;2022-09-15 10:12:59.617;25509
C03/2022/09/S5p_SO2-COBRA_25510.nc;2022-09-15 11:41:18.377;2022-09-15 11:54:21.239;25510
C03/2022/09/S5p_SO2-COBRA_25511.nc;2022-09-15 13:22:47.679;2022-09-15 13:34:34.943;25511
C03/2022/09/S5p_SO2-COBRA_25512.nc;2022-09-15 15:04:17.941;2022-09-15 15:15:13.126;25512
C03/2022/09/S5p_SO2-COBRA_25522.nc;2022-09-16 08:08:38.059;2022-09-16 08:12:16.454;25522
C03/2022/09/S5p_SO2-COBRA_25523.nc;2022-09-16 09:41:36.892;2022-09-16 09:53:51.036;25523
C03/2022/09/S5p_SO2-COBRA_25524.nc;2022-09-16 11:22:16.275;2022-09-16 11:35:20.817;25524
C03/2022/09/S5p_SO2-COBRA_25525.nc;2022-09-16 13:03:46.297;2022-09-16 13:15:50.360;25525
C03/2022/09/S5p_SO2-COBRA_25526.nc;2022-09-16 14:45:15.839;2022-09-16 14:56:17.744;25526
C03/2022/09/S5p_SO2-COBRA_25536.nc;2022-09-17 07:50:59.478;2022-09-17 07:53:08.835;25536
C03/2022/09/S5p_SO2-COBRA_25537.nc;2022-09-17 09:23:05.393;2022-09-17 09:34:41.736;25537
C03/2022/09/S5p_SO2-COBRA_25538.nc;2022-09-17 11:03:13.936;2022-09-17 11:16:11.758;25538
C03/2022/09/S5p_SO2-COBRA_25539.nc;2022-09-17 12:44:43.958;2022-09-17 12:57:00.621;25539
C03/2022/09/S5p_SO2-COBRA_25540.nc;2022-09-17 14:26:13.981;2022-09-17 14:37:20.925;25540
C03/2022/09/S5p_SO2-COBRA_25550.nc;2022-09-18 07:32:47.181;2022-09-18 07:34:00.260;25550
C03/2022/09/S5p_SO2-COBRA_25551.nc;2022-09-18 09:05:42.894;2022-09-18 09:15:35.081;25551
C03/2022/09/S5p_SO2-COBRA_25552.nc;2022-09-18 10:44:12.680;2022-09-18 10:57:03.783;25552
C03/2022/09/S5p_SO2-COBRA_25553.nc;2022-09-18 12:25:42.463;2022-09-18 12:38:11.725;25553
C03/2022/09/S5p_SO2-COBRA_25554.nc;2022-09-18 14:07:11.645;2022-09-18 14:18:26.989;25554
C03/2022/09/S5p_SO2-COBRA_25555.nc;2022-09-18 15:48:41.427;2022-09-18 15:57:48.254;25555
C03/2022/09/S5p_SO2-COBRA_25564.nc;2022-09-19 07:14:46.525;2022-09-19 07:14:54.924;25564
C03/2022/09/S5p_SO2-COBRA_25565.nc;2022-09-19 08:49:08.996;2022-09-19 08:55:48.827;25565
C03/2022/09/S5p_SO2-COBRA_25566.nc;2022-09-19 10:25:17.065;2022-09-19 10:37:55.568;25566
C03/2022/09/S5p_SO2-COBRA_25567.nc;2022-09-19 12:06:40.488;2022-09-19 12:19:07.231;25567
C03/2022/09/S5p_SO2-COBRA_25568.nc;2022-09-19 13:48:10.270;2022-09-19 13:59:26.455;25568
C03/2022/09/S5p_SO2-COBRA_25569.nc;2022-09-19 15:29:39.453;2022-09-19 15:39:46.759;25569
C03/2022/09/S5p_SO2-COBRA_25579.nc;2022-09-20 08:32:01.739;2022-09-20 08:36:55.733;25579
C03/2022/09/S5p_SO2-COBRA_25580.nc;2022-09-20 10:06:28.171;2022-09-20 10:18:47.354;25580
C03/2022/09/S5p_SO2-COBRA_25581.nc;2022-09-20 11:47:38.034;2022-09-20 12:00:15.697;25581
C03/2022/09/S5p_SO2-COBRA_25582.nc;2022-09-20 13:29:08.177;2022-09-20 13:40:20.161;25582
C03/2022/09/S5p_SO2-COBRA_25583.nc;2022-09-20 15:10:37.959;2022-09-20 15:20:48.625;25583
C03/2022/09/S5p_SO2-COBRA_25593.nc;2022-09-21 08:14:47.405;2022-09-21 08:18:09.841;25593
C03/2022/09/S5p_SO2-COBRA_25594.nc;2022-09-21 09:47:48.759;2022-09-21 09:59:38.543;25594
C03/2022/09/S5p_SO2-COBRA_25595.nc;2022-09-21 11:28:36.783;2022-09-21 11:41:08.565;25595
C03/2022/09/S5p_SO2-COBRA_25596.nc;2022-09-21 13:10:06.565;2022-09-21 13:21:41.229;25596
C03/2022/09/S5p_SO2-COBRA_25597.nc;2022-09-21 14:51:36.348;2022-09-21 15:01:53.734;25597
C03/2022/09/S5p_SO2-COBRA_25607.nc;2022-09-22 07:57:18.312;2022-09-22 07:59:00.790;25607
C03/2022/09/S5p_SO2-COBRA_25608.nc;2022-09-22 09:29:15.227;2022-09-22 09:40:26.372;25608
C03/2022/09/S5p_SO2-COBRA_25609.nc;2022-09-22 11:09:34.691;2022-09-22 11:21:59.754;25609
C03/2022/09/S5p_SO2-COBRA_25610.nc;2022-09-22 12:51:04.474;2022-09-22 13:03:29.537;25610
C03/2022/09/S5p_SO2-COBRA_25611.nc;2022-09-22 14:32:33.657;2022-09-22 14:43:05.322;25611
C03/2022/09/S5p_SO2-COBRA_25621.nc;2022-09-23 07:39:08.541;2022-09-23 07:39:52.220;25621
C03/2022/09/S5p_SO2-COBRA_25622.nc;2022-09-23 09:11:04.016;2022-09-23 09:21:04.602;25622
C03/2022/09/S5p_SO2-COBRA_25623.nc;2022-09-23 10:50:32.601;2022-09-23 11:02:50.945;25623
C03/2022/09/S5p_SO2-COBRA_25624.nc;2022-09-23 12:32:02.024;2022-09-23 12:44:08.608;25624
C03/2022/09/S5p_SO2-COBRA_25625.nc;2022-09-23 14:13:32.047;2022-09-23 14:24:11.273;25625
C03/2022/09/S5p_SO2-COBRA_25626.nc;2022-09-23 15:55:01.829;2022-09-23 16:03:58.577;25626
C03/2022/09/S5p_SO2-COBRA_25635.nc;2022-09-24 07:20:38.491;2022-09-24 07:20:40.171;25635
C03/2022/09/S5p_SO2-COBRA_25636.nc;2022-09-24 08:54:44.164;2022-09-24 09:02:07.673;25636
C03/2022/09/S5p_SO2-COBRA_25637.nc;2022-09-24 10:31:34.233;2022-09-24 10:43:39.136;25637
C03/2022/09/S5p_SO2-COBRA_25638.nc;2022-09-24 12:13:00.176;2022-09-24 12:24:36.520;25638
C03/2022/09/S5p_SO2-COBRA_25639.nc;2022-09-24 13:54:29.959;2022-09-24 14:04:44.825;25639
C03/2022/09/S5p_SO2-COBRA_25640.nc;2022-09-24 15:35:59.742;2022-09-24 15:44:55.649;25640
C03/2022/09/S5p_SO2-COBRA_25650.nc;2022-09-25 08:37:46.435;2022-09-25 08:43:04.788;25650
C03/2022/09/S5p_SO2-COBRA_25651.nc;2022-09-25 10:12:43.107;2022-09-25 10:24:11.051;25651
C03/2022/09/S5p_SO2-COBRA_25652.nc;2022-09-25 11:53:58.610;2022-09-25 12:06:03.513;25652
C03/2022/09/S5p_SO2-COBRA_25653.nc;2022-09-25 13:35:28.393;2022-09-25 13:46:26.098;25653
C03/2022/09/S5p_SO2-COBRA_25654.nc;2022-09-25 15:16:57.696;2022-09-25 15:26:31.403;25654
C03/2022/09/S5p_SO2-COBRA_25664.nc;2022-09-26 08:20:49.867;2022-09-26 08:23:42.064;25664
C03/2022/09/S5p_SO2-COBRA_25665.nc;2022-09-26 09:54:00.102;2022-09-26 10:05:25.526;25665
C03/2022/09/S5p_SO2-COBRA_25666.nc;2022-09-26 11:34:56.286;2022-09-26 11:46:55.309;25666
C03/2022/09/S5p_SO2-COBRA_25667.nc;2022-09-26 13:16:26.309;2022-09-26 13:27:36.613;25667
C03/2022/09/S5p_SO2-COBRA_25668.nc;2022-09-26 14:57:55.612;2022-09-26 15:07:29.319;25668
C03/2022/09/S5p_SO2-COBRA_25678.nc;2022-09-27 08:03:49.913;2022-09-27 08:04:45.352;25678
C03/2022/09/S5p_SO2-COBRA_25679.nc;2022-09-27 09:35:25.110;2022-09-27 09:45:57.615;25679
C03/2022/09/S5p_SO2-COBRA_25680.nc;2022-09-27 11:15:53.934;2022-09-27 11:27:18.519;25680
C03/2022/09/S5p_SO2-COBRA_25681.nc;2022-09-27 12:57:23.958;2022-09-27 13:08:46.022;25681
C03/2022/09/S5p_SO2-COBRA_25682.nc;2022-09-27 14:38:53.741;2022-09-27 14:48:45.928;25682
C03/2022/09/S5p_SO2-COBRA_25692.nc;2022-09-28 07:44:55.634;2022-09-28 07:45:38.473;25692
C03/2022/09/S5p_SO2-COBRA_25693.nc;2022-09-28 09:16:54.229;2022-09-28 09:27:04.895;25693
C03/2022/09/S5p_SO2-COBRA_25694.nc;2022-09-28 10:56:52.575;2022-09-28 11:08:30.599;25694
C03/2022/09/S5p_SO2-COBRA_25695.nc;2022-09-28 12:38:21.758;2022-09-28 12:49:55.583;25695
C03/2022/09/S5p_SO2-COBRA_25696.nc;2022-09-28 14:19:51.542;2022-09-28 14:29:52.128;25696
C03/2022/09/S5p_SO2-COBRA_25697.nc;2022-09-28 16:01:21.565;2022-09-28 16:04:16.281;25697
C03/2022/09/S5p_SO2-COBRA_25707.nc;2022-09-29 09:00:14.946;2022-09-29 09:07:28.376;25707
C03/2022/09/S5p_SO2-COBRA_25708.nc;2022-09-29 10:37:52.055;2022-09-29 10:49:27.559;25708
C03/2022/09/S5p_SO2-COBRA_25709.nc;2022-09-29 12:19:20.038;2022-09-29 12:30:56.382;25709
C03/2022/09/S5p_SO2-COBRA_25710.nc;2022-09-29 14:00:50.182;2022-09-29 14:10:55.808;25710
C03/2022/09/S5p_SO2-COBRA_25711.nc;2022-09-29 15:42:19.365;2022-09-29 15:50:53.433;25711
C03/2022/09/S5p_SO2-COBRA_25721.nc;2022-09-30 08:43:28.343;2022-09-30 08:48:45.016;25721
C03/2022/09/S5p_SO2-COBRA_25722.nc;2022-09-30 10:18:58.014;2022-09-30 10:30:16.719;25722
C03/2022/09/S5p_SO2-COBRA_25723.nc;2022-09-30 12:00:17.958;2022-09-30 12:11:48.422;25723
C03/2022/09/S5p_SO2-COBRA_25724.nc;2022-09-30 13:41:47.861;2022-09-30 13:52:06.927;25724
C03/2022/09/S5p_SO2-COBRA_25725.nc;2022-09-30 15:23:17.765;2022-09-30 15:32:05.273;25725
C03/2022/10/S5p_SO2-COBRA_25735.nc;2022-10-01 08:26:12.222;2022-10-01 08:29:42.217;25735
C03/2022/10/S5p_SO2-COBRA_25736.nc;2022-10-01 10:00:12.615;2022-10-01 10:10:53.520;25736
C03/2022/10/S5p_SO2-COBRA_25737.nc;2022-10-01 11:41:15.759;2022-10-01 11:52:21.864;25737
C03/2022/10/S5p_SO2-COBRA_25738.nc;2022-10-01 13:22:45.783;2022-10-01 13:33:14.089;25738
C03/2022/10/S5p_SO2-COBRA_25739.nc;2022-10-01 15:04:15.446;2022-10-01 15:13:16.394;25739
C03/2022/10/S5p_SO2-COBRA_25749.nc;2022-10-02 08:08:53.222;2022-10-02 08:10:33.180;25749
C03/2022/10/S5p_SO2-COBRA_25750.nc;2022-10-02 09:41:34.897;2022-10-02 09:51:53.963;25750
C03/2022/10/S5p_SO2-COBRA_25751.nc;2022-10-02 11:22:14.281;2022-10-02 11:33:32.146;25751
C03/2022/10/S5p_SO2-COBRA_25752.nc;2022-10-02 13:03:43.465;2022-10-02 13:14:21.011;25752
C03/2022/10/S5p_SO2-COBRA_25753.nc;2022-10-02 14:45:13.249;2022-10-02 14:54:22.596;25753
C03/2022/10/S5p_SO2-COBRA_25764.nc;2022-10-03 09:23:03.301;2022-10-03 09:32:53.807;25764
C03/2022/10/S5p_SO2-COBRA_25765.nc;2022-10-03 11:03:11.606;2022-10-03 11:14:17.711;25765
C03/2022/10/S5p_SO2-COBRA_25766.nc;2022-10-03 12:44:41.990;2022-10-03 12:55:51.455;25766
C03/2022/10/S5p_SO2-COBRA_25767.nc;2022-10-03 14:26:11.774;2022-10-03 14:35:35.401;25767
C03/2022/10/S5p_SO2-COBRA_25778.nc;2022-10-04 09:05:41.064;2022-10-04 09:13:44.893;25778
C03/2022/10/S5p_SO2-COBRA_25779.nc;2022-10-04 10:44:10.491;2022-10-04 10:54:20.318;25779
C03/2022/10/S5p_SO2-COBRA_25780.nc;2022-10-04 12:25:39.675;2022-10-04 12:36:43.260;25780
C03/2022/10/S5p_SO2-COBRA_25781.nc;2022-10-04 14:07:09.219;2022-10-04 14:16:39.566;25781
C03/2022/10/S5p_SO2-COBRA_25782.nc;2022-10-04 15:48:38.643;2022-10-04 15:56:26.513;25782
C03/2022/10/S5p_SO2-COBRA_25792.nc;2022-10-05 08:49:09.228;2022-10-05 08:54:35.981;25792
C03/2022/10/S5p_SO2-COBRA_25793.nc;2022-10-05 10:25:14.299;2022-10-05 10:35:26.645;25793
C03/2022/10/S5p_SO2-COBRA_25794.nc;2022-10-05 12:06:37.363;2022-10-05 12:17:35.068;25794
C03/2022/10/S5p_SO2-COBRA_25795.nc;2022-10-05 13:48:07.387;2022-10-05 13:57:57.054;25795
C03/2022/10/S5p_SO2-COBRA_25796.nc;2022-10-05 15:29:36.691;2022-10-05 15:37:40.520;25796
C03/2022/10/S5p_SO2-COBRA_25806.nc;2022-10-06 08:31:59.593;2022-10-06 08:35:16.989;25806
C03/2022/10/S5p_SO2-COBRA_25807.nc;2022-10-06 10:06:25.547;2022-10-06 10:16:56.372;25807
C03/2022/10/S5p_SO2-COBRA_25808.nc;2022-10-06 11:47:35.171;2022-10-06 11:58:26.156;25808
C03/2022/10/S5p_SO2-COBRA_25809.nc;2022-10-06 13:29:04.955;2022-10-06 13:39:10.582;25809
C03/2022/10/S5p_SO2-COBRA_25810.nc;2022-10-06 15:10:34.739;2022-10-06 15:18:52.848;25810
C03/2022/10/S5p_SO2-COBRA_25820.nc;2022-10-07 08:14:51.518;2022-10-07 08:16:07.957;25820
C03/2022/10/S5p_SO2-COBRA_25821.nc;2022-10-07 09:47:45.554;2022-10-07 09:57:25.980;25821
C03/2022/10/S5p_SO2-COBRA_25822.nc;2022-10-07 11:28:32.859;2022-10-07 11:39:17.124;25822
C03/2022/10/S5p_SO2-COBRA_25823.nc;2022-10-07 13:10:03.003;2022-10-07 13:20:07.790;25823
C03/2022/10/S5p_SO2-COBRA_25824.nc;2022-10-07 14:51:32.428;2022-10-07 14:59:41.296;25824
C03/2022/10/S5p_SO2-COBRA_25834.nc;2022-10-08 07:56:44.370;2022-10-08 07:56:45.210;25834
C03/2022/10/S5p_SO2-COBRA_25835.nc;2022-10-08 09:29:12.366;2022-10-08 09:38:38.513;25835
C03/2022/10/S5p_SO2-COBRA_25836.nc;2022-10-08 11:09:30.751;2022-10-08 11:20:08.297;25836
C03/2022/10/S5p_SO2-COBRA_25837.nc;2022-10-08 12:51:00.296;2022-10-08 13:01:37.001;25837
C03/2022/10/S5p_SO2-COBRA_25838.nc;2022-10-08 14:32:30.080;2022-10-08 14:41:15.908;25838
C03/2022/10/S5p_SO2-COBRA_25849.nc;2022-10-09 09:11:01.417;2022-10-09 09:19:29.606;25849
C03/2022/10/S5p_SO2-COBRA_25850.nc;2022-10-09 10:50:29.164;2022-10-09 11:00:59.150;25850
C03/2022/10/S5p_SO2-COBRA_25851.nc;2022-10-09 12:31:58.108;2022-10-09 12:42:28.094;25851
C03/2022/10/S5p_SO2-COBRA_25852.nc;2022-10-09 14:13:28.733;2022-10-09 14:22:28.001;25852
C03/2022/10/S5p_SO2-COBRA_25853.nc;2022-10-09 15:54:57.917;2022-10-09 16:01:46.988;25853
C03/2022/10/S5p_SO2-COBRA_25863.nc;2022-10-10 08:54:40.688;2022-10-10 09:00:20.880;25863
C03/2022/10/S5p_SO2-COBRA_25864.nc;2022-10-10 10:31:30.278;2022-10-10 10:41:50.184;25864
C03/2022/10/S5p_SO2-COBRA_25865.nc;2022-10-10 12:12:55.863;2022-10-10 12:23:09.889;25865
C03/2022/10/S5p_SO2-COBRA_25866.nc;2022-10-10 13:54:25.887;2022-10-10 14:03:41.955;25866
C03/2022/10/S5p_SO2-COBRA_25867.nc;2022-10-10 15:35:55.671;2022-10-10 15:42:42.222;25867
C03/2022/10/S5p_SO2-COBRA_25877.nc;2022-10-11 08:37:42.819;2022-10-11 08:41:11.974;25877
C03/2022/10/S5p_SO2-COBRA_25878.nc;2022-10-11 10:12:39.012;2022-10-11 10:22:41.278;25878
C03/2022/10/S5p_SO2-COBRA_25879.nc;2022-10-11 11:53:54.157;2022-10-11 12:04:10.703;25879
C03/2022/10/S5p_SO2-COBRA_25880.nc;2022-10-11 13:35:23.581;2022-10-11 13:44:56.449;25880
C03/2022/10/S5p_SO2-COBRA_25881.nc;2022-10-11 15:16:53.366;2022-10-11 15:24:28.636;25881
C03/2022/10/S5p_SO2-COBRA_25891.nc;2022-10-12 08:21:45.310;2022-10-12 08:22:02.949;25891
C03/2022/10/S5p_SO2-COBRA_25892.nc;2022-10-12 09:53:55.666;2022-10-12 10:03:31.893;25892
C03/2022/10/S5p_SO2-COBRA_25893.nc;2022-10-12 11:34:51.852;2022-10-12 11:45:01.678;25893
C03/2022/10/S5p_SO2-COBRA_25894.nc;2022-10-12 13:16:21.156;2022-10-12 13:26:12.503;25894
C03/2022/10/S5p_SO2-COBRA_25895.nc;2022-10-12 14:57:50.941;2022-10-12 15:05:42.170;25895
C03/2022/10/S5p_SO2-COBRA_25906.nc;2022-10-13 09:35:20.122;2022-10-13 09:44:22.750;25906
C03/2022/10/S5p_SO2-COBRA_25907.nc;2022-10-13 11:15:49.428;2022-10-13 11:25:49.174;25907
C03/2022/10/S5p_SO2-COBRA_25908.nc;2022-10-13 12:57:18.972;2022-10-13 13:07:22.079;25908
C03/2022/10/S5p_SO2-COBRA_25909.nc;2022-10-13 14:38:49.357;2022-10-13 14:46:54.866;25909
C03/2022/10/S5p_SO2-COBRA_25920.nc;2022-10-14 09:16:49.258;2022-10-14 09:25:04.007;25920
C03/2022/10/S5p_SO2-COBRA_25921.nc;2022-10-14 10:56:47.484;2022-10-14 11:06:34.631;25921
C03/2022/10/S5p_SO2-COBRA_25922.nc;2022-10-14 12:38:16.668;2022-10-14 12:48:12.215;25922
C03/2022/10/S5p_SO2-COBRA_25923.nc;2022-10-14 14:19:46.813;2022-10-14 14:28:07.442;25923
C03/2022/10/S5p_SO2-COBRA_25924.nc;2022-10-14 16:01:17.078;2022-10-14 16:04:18.513;25924
C03/2022/10/S5p_SO2-COBRA_25934.nc;2022-10-15 09:00:10.711;2022-10-15 09:06:05.183;25934
C03/2022/10/S5p_SO2-COBRA_25935.nc;2022-10-15 10:37:46.981;2022-10-15 10:47:31.607;25935
C03/2022/10/S5p_SO2-COBRA_25936.nc;2022-10-15 12:19:14.245;2022-10-15 12:29:03.912;25936
C03/2022/10/S5p_SO2-COBRA_25937.nc;2022-10-15 14:00:44.030;2022-10-15 14:09:24.818;25937
C03/2022/10/S5p_SO2-COBRA_25938.nc;2022-10-15 15:42:14.174;2022-10-15 15:48:42.246;25938
C03/2022/10/S5p_SO2-COBRA_25948.nc;2022-10-16 08:43:24.968;2022-10-16 08:46:55.803;25948
C03/2022/10/S5p_SO2-COBRA_25949.nc;2022-10-16 10:18:52.360;2022-10-16 10:28:24.387;25949
C03/2022/10/S5p_SO2-COBRA_25950.nc;2022-10-16 12:00:11.945;2022-10-16 12:09:54.892;25950
C03/2022/10/S5p_SO2-COBRA_25951.nc;2022-10-16 13:41:41.970;2022-10-16 13:50:41.238;25951
C03/2022/10/S5p_SO2-COBRA_25952.nc;2022-10-16 15:23:11.755;2022-10-16 15:30:03.345;25952
C03/2022/10/S5p_SO2-COBRA_25962.nc;2022-10-17 08:26:07.026;2022-10-17 08:27:40.264;25962
C03/2022/10/S5p_SO2-COBRA_25963.nc;2022-10-17 10:00:06.580;2022-10-17 10:09:15.928;25963
C03/2022/10/S5p_SO2-COBRA_25964.nc;2022-10-17 11:41:10.205;2022-10-17 11:50:45.592;25964
C03/2022/10/S5p_SO2-COBRA_25965.nc;2022-10-17 13:22:39.990;2022-10-17 13:31:58.577;25965
C03/2022/10/S5p_SO2-COBRA_25966.nc;2022-10-17 15:04:09.415;2022-10-17 15:11:18.645;25966
C03/2022/10/S5p_SO2-COBRA_25977.nc;2022-10-18 09:41:28.519;2022-10-18 09:50:07.628;25977
C03/2022/10/S5p_SO2-COBRA_25978.nc;2022-10-18 11:22:07.305;2022-10-18 11:31:36.812;25978
C03/2022/10/S5p_SO2-COBRA_25979.nc;2022-10-18 13:03:37.570;2022-10-18 13:13:06.237;25979
C03/2022/10/S5p_SO2-COBRA_25980.nc;2022-10-18 14:45:06.995;2022-10-18 14:52:33.865;25980
C03/2022/10/S5p_SO2-COBRA_25991.nc;2022-10-19 09:22:56.461;2022-10-19 09:30:57.770;25991
C03/2022/10/S5p_SO2-COBRA_25992.nc;2022-10-19 11:03:05.008;2022-10-19 11:12:18.555;25992
C03/2022/10/S5p_SO2-COBRA_25993.nc;2022-10-19 12:44:34.792;2022-10-19 12:53:21.461;25993
C03/2022/10/S5p_SO2-COBRA_25994.nc;2022-10-19 14:26:04.698;2022-10-19 14:33:50.047;25994
C03/2022/10/S5p_SO2-COBRA_26005.nc;2022-10-20 09:05:36.883;2022-10-20 09:11:35.555;26005
C03/2022/10/S5p_SO2-COBRA_26006.nc;2022-10-20 10:44:04.752;2022-10-20 10:53:19.979;26006
C03/2022/10/S5p_SO2-COBRA_26007.nc;2022-10-20 12:25:33.937;2022-10-20 12:34:49.164;26007
C03/2022/10/S5p_SO2-COBRA_26008.nc;2022-10-20 14:07:04.202;2022-10-20 14:15:07.191;26008
C03/2022/10/S5p_SO2-COBRA_26009.nc;2022-10-20 15:48:33.867;2022-10-20 15:54:17.419;26009
C03/2022/10/S5p_SO2-COBRA_26019.nc;2022-10-21 08:49:18.384;2022-10-21 08:52:25.700;26019
C03/2022/10/S5p_SO2-COBRA_26020.nc;2022-10-21 10:25:10.976;2022-10-21 10:34:10.244;26020
C03/2022/10/S5p_SO2-COBRA_26021.nc;2022-10-21 12:06:34.641;2022-10-21 12:15:43.149;26021
C03/2022/10/S5p_SO2-COBRA_26022.nc;2022-10-21 13:48:04.426;2022-10-21 13:56:27.575;26022
C03/2022/10/S5p_SO2-COBRA_26023.nc;2022-10-21 15:29:34.451;2022-10-21 15:35:33.123;26023
C03/2022/10/S5p_SO2-COBRA_26033.nc;2022-10-22 08:32:45.606;2022-10-22 08:33:32.645;26033
C03/2022/10/S5p_SO2-COBRA_26034.nc;2022-10-22 10:06:24.491;2022-10-22 10:14:45.120;26034
C03/2022/10/S5p_SO2-COBRA_26035.nc;2022-10-22 11:47:34.116;2022-10-22 11:56:23.304;26035
C03/2022/10/S5p_SO2-COBRA_26036.nc;2022-10-22 13:29:04.261;2022-10-22 13:37:36.650;26036
C03/2022/10/S5p_SO2-COBRA_26037.nc;2022-10-22 15:10:33.686;2022-10-22 15:17:01.758;26037
C03/2022/10/S5p_SO2-COBRA_26048.nc;2022-10-23 09:47:45.836;2022-10-23 09:55:18.585;26048
C03/2022/10/S5p_SO2-COBRA_26049.nc;2022-10-23 11:28:33.862;2022-10-23 11:37:04.570;26049
C03/2022/10/S5p_SO2-COBRA_26050.nc;2022-10-23 13:10:03.887;2022-10-23 13:18:59.795;26050
C03/2022/10/S5p_SO2-COBRA_26051.nc;2022-10-23 14:51:34.032;2022-10-23 14:58:21.423;26051
C03/2022/10/S5p_SO2-COBRA_26062.nc;2022-10-24 09:29:14.980;2022-10-24 09:36:47.730;26062
C03/2022/10/S5p_SO2-COBRA_26063.nc;2022-10-24 11:09:34.447;2022-10-24 11:18:23.635;26063
C03/2022/10/S5p_SO2-COBRA_26064.nc;2022-10-24 12:51:03.632;2022-10-24 12:59:47.780;26064
C03/2022/10/S5p_SO2-COBRA_26065.nc;2022-10-24 14:32:34.257;2022-10-24 14:39:42.647;26065
C03/2022/10/S5p_SO2-COBRA_26076.nc;2022-10-25 09:11:07.044;2022-10-25 09:17:46.035;26076
C03/2022/10/S5p_SO2-COBRA_26077.nc;2022-10-25 10:50:34.191;2022-10-25 10:59:17.499;26077
C03/2022/10/S5p_SO2-COBRA_26078.nc;2022-10-25 12:32:04.214;2022-10-25 12:40:46.682;26078
C03/2022/10/S5p_SO2-COBRA_26079.nc;2022-10-25 14:13:34.238;2022-10-25 14:21:03.627;26079
C03/2022/10/S5p_SO2-COBRA_26080.nc;2022-10-25 15:55:04.021;2022-10-25 16:00:00.534;26080
C03/2022/10/S5p_SO2-COBRA_26090.nc;2022-10-26 08:54:47.937;2022-10-26 08:58:36.412;26090
C03/2022/10/S5p_SO2-COBRA_26091.nc;2022-10-26 10:31:37.408;2022-10-26 10:40:10.637;26091
C03/2022/10/S5p_SO2-COBRA_26092.nc;2022-10-26 12:13:04.193;2022-10-26 12:21:39.942;26092
C03/2022/10/S5p_SO2-COBRA_26093.nc;2022-10-26 13:54:33.499;2022-10-26 14:02:25.568;26093
C03/2022/10/S5p_SO2-COBRA_26094.nc;2022-10-26 15:36:03.763;2022-10-26 15:41:18.756;26094
C03/2022/10/S5p_SO2-COBRA_26105.nc;2022-10-27 10:12:48.075;2022-10-27 10:20:56.944;26105
C03/2022/10/S5p_SO2-COBRA_26106.nc;2022-10-27 11:54:03.820;2022-10-27 12:02:19.409;26106
C03/2022/10/S5p_SO2-COBRA_26107.nc;2022-10-27 13:35:33.965;2022-10-27 13:43:41.994;26107
C03/2022/10/S5p_SO2-COBRA_26108.nc;2022-10-27 15:17:03.990;2022-10-27 15:22:50.903;26108
C03/2022/10/S5p_SO2-COBRA_26119.nc;2022-10-28 09:54:07.502;2022-10-28 10:01:31.012;26119
C03/2022/10/S5p_SO2-COBRA_26120.nc;2022-10-28 11:35:03.688;2022-10-28 11:43:27.677;26120
C03/2022/10/S5p_SO2-COBRA_26121.nc;2022-10-28 13:16:33.474;2022-10-28 13:24:57.462;26121
C03/2022/10/S5p_SO2-COBRA_26122.nc;2022-10-28 14:58:03.619;2022-10-28 15:04:13.211;26122
C03/2022/10/S5p_SO2-COBRA_26133.nc;2022-10-29 09:35:34.131;2022-10-29 09:42:43.362;26133
C03/2022/10/S5p_SO2-COBRA_26134.nc;2022-10-29 11:16:03.438;2022-10-29 11:24:10.628;26134
C03/2022/10/S5p_SO2-COBRA_26135.nc;2022-10-29 12:57:33.464;2022-10-29 13:05:50.733;26135
C03/2022/10/S5p_SO2-COBRA_26136.nc;2022-10-29 14:39:03.249;2022-10-29 14:45:34.680;26136
C03/2022/10/S5p_SO2-COBRA_26147.nc;2022-10-30 09:17:05.682;2022-10-30 09:23:45.513;26147
C03/2022/10/S5p_SO2-COBRA_26148.nc;2022-10-30 10:57:03.069;2022-10-30 11:05:15.298;26148
C03/2022/10/S5p_SO2-COBRA_26149.nc;2022-10-30 12:38:33.095;2022-10-30 12:46:44.484;26149
C03/2022/10/S5p_SO2-COBRA_26150.nc;2022-10-30 14:20:03.120;2022-10-30 14:26:57.231;26150
C03/2022/10/S5p_SO2-COBRA_26151.nc;2022-10-30 16:01:32.906;2022-10-30 16:04:26.782;26151
C03/2022/10/S5p_SO2-COBRA_26161.nc;2022-10-31 09:00:27.272;2022-10-31 09:04:38.426;26161
C03/2022/10/S5p_SO2-COBRA_26162.nc;2022-10-31 10:38:04.623;2022-10-31 10:46:08.452;26162
C03/2022/10/S5p_SO2-COBRA_26163.nc;2022-10-31 12:19:32.728;2022-10-31 12:27:38.237;26163
C03/2022/10/S5p_SO2-COBRA_26164.nc;2022-10-31 14:01:02.754;2022-10-31 14:08:21.224;26164
C03/2022/10/S5p_SO2-COBRA_26165.nc;2022-10-31 15:42:32.540;2022-10-31 15:47:14.773;26165
C03/2022/12/S5p_SO2-COBRA_26601.nc;2022-12-01 09:17:50.882;2022-12-01 09:22:00.357;26601
C03/2022/12/S5p_SO2-COBRA_26602.nc;2022-12-01 10:57:49.110;2022-12-01 11:03:30.142;26602
C03/2022/12/S5p_SO2-COBRA_26603.nc;2022-12-01 12:39:19.736;2022-12-01 12:44:56.569;26603
C03/2022/12/S5p_SO2-COBRA_26604.nc;2022-12-01 14:20:49.762;2022-12-01 14:25:43.756;26604
C03/2022/12/S5p_SO2-COBRA_26605.nc;2022-12-01 16:02:19.548;2022-12-01 16:04:09.586;26605
C03/2022/12/S5p_SO2-COBRA_26615.nc;2022-12-02 09:01:29.037;2022-12-02 09:02:55.555;26615
C03/2022/12/S5p_SO2-COBRA_26616.nc;2022-12-02 10:38:50.428;2022-12-02 10:44:23.901;26616
C03/2022/12/S5p_SO2-COBRA_26617.nc;2022-12-02 12:20:18.534;2022-12-02 12:25:56.207;26617
C03/2022/12/S5p_SO2-COBRA_26618.nc;2022-12-02 14:01:48.560;2022-12-02 14:07:08.593;26618
C03/2022/12/S5p_SO2-COBRA_26619.nc;2022-12-02 15:43:18.346;2022-12-02 15:45:49.543;26619
C03/2022/12/S5p_SO2-COBRA_26630.nc;2022-12-03 10:19:57.985;2022-12-03 10:25:23.057;26630
C03/2022/12/S5p_SO2-COBRA_26631.nc;2022-12-03 12:01:17.691;2022-12-03 12:06:52.843;26631
C03/2022/12/S5p_SO2-COBRA_26632.nc;2022-12-03 13:42:48.076;2022-12-03 13:48:22.389;26632
C03/2022/12/S5p_SO2-COBRA_26633.nc;2022-12-03 15:24:18.222;2022-12-03 15:27:21.338;26633
C03/2022/12/S5p_SO2-COBRA_26644.nc;2022-12-04 10:01:12.982;2022-12-04 10:05:30.017;26644
C03/2022/12/S5p_SO2-COBRA_26645.nc;2022-12-04 11:42:17.569;2022-12-04 11:47:49.361;26645
C03/2022/12/S5p_SO2-COBRA_26646.nc;2022-12-04 13:23:47.595;2022-12-04 13:29:18.547;26646
C03/2022/12/S5p_SO2-COBRA_26647.nc;2022-12-04 15:05:17.141;2022-12-04 15:08:50.496;26647
C03/2022/12/S5p_SO2-COBRA_26658.nc;2022-12-05 09:42:36.979;2022-12-05 09:47:16.693;26658
C03/2022/12/S5p_SO2-COBRA_26659.nc;2022-12-05 11:23:17.206;2022-12-05 11:28:46.479;26659
C03/2022/12/S5p_SO2-COBRA_26660.nc;2022-12-05 13:04:46.993;2022-12-05 13:10:16.266;26660
C03/2022/12/S5p_SO2-COBRA_26661.nc;2022-12-05 14:46:16.179;2022-12-05 14:50:14.734;26661
C03/2022/12/S5p_SO2-COBRA_26672.nc;2022-12-06 09:24:06.377;2022-12-06 09:28:14.172;26672
C03/2022/12/S5p_SO2-COBRA_26673.nc;2022-12-06 11:04:15.885;2022-12-06 11:09:41.798;26673
C03/2022/12/S5p_SO2-COBRA_26674.nc;2022-12-06 12:45:45.671;2022-12-06 12:51:13.264;26674
C03/2022/12/S5p_SO2-COBRA_26675.nc;2022-12-06 14:27:15.697;2022-12-06 14:31:50.371;26675
C03/2022/12/S5p_SO2-COBRA_26686.nc;2022-12-07 09:06:44.056;2022-12-07 09:09:11.053;26686
C03/2022/12/S5p_SO2-COBRA_26687.nc;2022-12-07 10:45:15.766;2022-12-07 10:50:40.838;26687
C03/2022/12/S5p_SO2-COBRA_26688.nc;2022-12-07 12:26:45.192;2022-12-07 12:32:11.105;26688
C03/2022/12/S5p_SO2-COBRA_26689.nc;2022-12-07 14:08:15.218;2022-12-07 14:12:41.492;26689
C03/2022/12/S5p_SO2-COBRA_26690.nc;2022-12-07 15:49:45.244;2022-12-07 15:51:57.961;26690
C03/2022/12/S5p_SO2-COBRA_26701.nc;2022-12-08 10:26:20.804;2022-12-08 10:31:24.878;26701
C03/2022/12/S5p_SO2-COBRA_26702.nc;2022-12-08 12:07:44.950;2022-12-08 12:12:52.383;26702
C03/2022/12/S5p_SO2-COBRA_26703.nc;2022-12-08 13:49:14.256;2022-12-08 13:54:37.649;26703
C03/2022/12/S5p_SO2-COBRA_26704.nc;2022-12-08 15:30:44.042;2022-12-08 15:33:26.998;26704
C03/2022/12/S5p_SO2-COBRA_26715.nc;2022-12-09 10:07:32.922;2022-12-09 10:12:30.275;26715
C03/2022/12/S5p_SO2-COBRA_26716.nc;2022-12-09 11:48:43.628;2022-12-09 11:54:04.501;26716
C03/2022/12/S5p_SO2-COBRA_26717.nc;2022-12-09 13:30:13.654;2022-12-09 13:35:35.366;26717
C03/2022/12/S5p_SO2-COBRA_26718.nc;2022-12-09 15:11:44.040;2022-12-09 15:14:40.436;26718
C03/2022/12/S5p_SO2-COBRA_26729.nc;2022-12-10 09:48:54.760;2022-12-10 09:53:10.114;26729
C03/2022/12/S5p_SO2-COBRA_26730.nc;2022-12-10 11:29:43.627;2022-12-10 11:35:02.820;26730
C03/2022/12/S5p_SO2-COBRA_26731.nc;2022-12-10 13:11:12.813;2022-12-10 13:15:31.527;26731
C03/2022/12/S5p_SO2-COBRA_26732.nc;2022-12-10 14:52:43.439;2022-12-10 14:56:29.394;26732
C03/2022/12/S5p_SO2-COBRA_26743.nc;2022-12-11 09:30:22.356;2022-12-11 09:34:27.630;26743
C03/2022/12/S5p_SO2-COBRA_26744.nc;2022-12-11 11:10:42.303;2022-12-11 11:16:00.656;26744
C03/2022/12/S5p_SO2-COBRA_26745.nc;2022-12-11 12:52:12.089;2022-12-11 12:57:28.762;26745
C03/2022/12/S5p_SO2-COBRA_26746.nc;2022-12-11 14:33:42.115;2022-12-11 14:37:59.989;26746
C03/2022/12/S5p_SO2-COBRA_26757.nc;2022-12-12 09:12:06.961;2022-12-12 09:15:12.597;26757
C03/2022/12/S5p_SO2-COBRA_26758.nc;2022-12-12 10:51:41.669;2022-12-12 10:56:58.342;26758
C03/2022/12/S5p_SO2-COBRA_26759.nc;2022-12-12 12:33:11.575;2022-12-12 12:38:28.248;26759
C03/2022/12/S5p_SO2-COBRA_26760.nc;2022-12-12 14:14:41.720;2022-12-12 14:19:22.274;26760
C03/2022/12/S5p_SO2-COBRA_26761.nc;2022-12-12 15:56:16.786;2022-12-12 15:58:08.504;26761
C03/2022/12/S5p_SO2-COBRA_26771.nc;2022-12-13 08:56:01.914;2022-12-13 08:56:01.914;26771
C03/2022/12/S5p_SO2-COBRA_26772.nc;2022-12-13 10:32:44.666;2022-12-13 10:37:56.299;26772
C03/2022/12/S5p_SO2-COBRA_26773.nc;2022-12-13 12:14:10.492;2022-12-13 12:18:41.806;26773
C03/2022/12/S5p_SO2-COBRA_26774.nc;2022-12-13 13:55:40.638;2022-12-13 14:00:28.751;26774
C03/2022/12/S5p_SO2-COBRA_26775.nc;2022-12-13 15:37:10.663;2022-12-13 15:39:41.860;26775
C03/2022/12/S5p_SO2-COBRA_26786.nc;2022-12-14 10:13:54.024;2022-12-14 10:18:49.697;26786
C03/2022/12/S5p_SO2-COBRA_26787.nc;2022-12-14 11:55:10.009;2022-12-14 12:00:24.162;26787
C03/2022/12/S5p_SO2-COBRA_26788.nc;2022-12-14 13:36:40.275;2022-12-14 13:41:54.428;26788
C03/2022/12/S5p_SO2-COBRA_26789.nc;2022-12-14 15:18:10.181;2022-12-14 15:21:11.617;26789
C03/2022/12/S5p_SO2-COBRA_26800.nc;2022-12-15 09:55:12.261;2022-12-15 09:59:34.335;26800
C03/2022/12/S5p_SO2-COBRA_26801.nc;2022-12-15 11:36:08.927;2022-12-15 11:41:22.240;26801
C03/2022/12/S5p_SO2-COBRA_26802.nc;2022-12-15 13:17:38.953;2022-12-15 13:22:52.266;26802
C03/2022/12/S5p_SO2-COBRA_26803.nc;2022-12-15 14:59:08.979;2022-12-15 15:02:36.454;26803
C03/2022/12/S5p_SO2-COBRA_26814.nc;2022-12-16 09:36:37.697;2022-12-16 09:40:51.372;26814
C03/2022/12/S5p_SO2-COBRA_26815.nc;2022-12-16 11:17:08.324;2022-12-16 11:22:20.797;26815
C03/2022/12/S5p_SO2-COBRA_26816.nc;2022-12-16 12:58:38.350;2022-12-16 13:03:50.823;26816
C03/2022/12/S5p_SO2-COBRA_26817.nc;2022-12-16 14:40:08.536;2022-12-16 14:43:57.851;26817
C03/2022/12/S5p_SO2-COBRA_26828.nc;2022-12-17 09:18:08.814;2022-12-17 09:21:49.729;26828
C03/2022/12/S5p_SO2-COBRA_26829.nc;2022-12-17 10:58:07.522;2022-12-17 11:03:19.155;26829
C03/2022/12/S5p_SO2-COBRA_26830.nc;2022-12-17 12:39:37.787;2022-12-17 12:44:49.420;26830
C03/2022/12/S5p_SO2-COBRA_26831.nc;2022-12-17 14:21:07.573;2022-12-17 14:25:43.087;26831
C03/2022/12/S5p_SO2-COBRA_26832.nc;2022-12-17 16:03:12.878;2022-12-17 16:04:21.757;26832
C03/2022/12/S5p_SO2-COBRA_26842.nc;2022-12-18 09:01:25.608;2022-12-18 09:02:47.927;26842
C03/2022/12/S5p_SO2-COBRA_26843.nc;2022-12-18 10:39:08.839;2022-12-18 10:44:17.952;26843
C03/2022/12/S5p_SO2-COBRA_26844.nc;2022-12-18 12:20:36.705;2022-12-18 12:25:46.658;26844
C03/2022/12/S5p_SO2-COBRA_26845.nc;2022-12-18 14:02:06.730;2022-12-18 14:07:07.444;26845
C03/2022/12/S5p_SO2-COBRA_26846.nc;2022-12-18 15:43:36.516;2022-12-18 15:45:45.873;26846
C03/2022/12/S5p_SO2-COBRA_26857.nc;2022-12-19 10:20:15.316;2022-12-19 10:25:16.869;26857
C03/2022/12/S5p_SO2-COBRA_26858.nc;2022-12-19 12:01:36.102;2022-12-19 12:06:41.855;26858
C03/2022/12/S5p_SO2-COBRA_26859.nc;2022-12-19 13:43:05.288;2022-12-19 13:48:16.081;26859
C03/2022/12/S5p_SO2-COBRA_26860.nc;2022-12-19 15:24:35.913;2022-12-19 15:27:27.269;26860
C03/2022/12/S5p_SO2-COBRA_26871.nc;2022-12-20 10:01:30.672;2022-12-20 10:06:15.426;26871
C03/2022/12/S5p_SO2-COBRA_26872.nc;2022-12-20 11:42:35.258;2022-12-20 11:47:45.211;26872
C03/2022/12/S5p_SO2-COBRA_26873.nc;2022-12-20 13:24:04.804;2022-12-20 13:29:05.518;26873
C03/2022/12/S5p_SO2-COBRA_26874.nc;2022-12-20 15:05:34.591;2022-12-20 15:08:56.186;26874
C03/2022/12/S5p_SO2-COBRA_26885.nc;2022-12-21 09:42:54.310;2022-12-21 09:47:13.864;26885
C03/2022/12/S5p_SO2-COBRA_26886.nc;2022-12-21 11:23:34.177;2022-12-21 11:28:44.130;26886
C03/2022/12/S5p_SO2-COBRA_26887.nc;2022-12-21 13:05:03.722;2022-12-21 13:10:13.676;26887
C03/2022/12/S5p_SO2-COBRA_26888.nc;2022-12-21 14:46:33.749;2022-12-21 14:49:48.624;26888
C03/2022/12/S5p_SO2-COBRA_26899.nc;2022-12-22 09:24:23.465;2022-12-22 09:28:12.780;26899
C03/2022/12/S5p_SO2-COBRA_26900.nc;2022-12-22 11:04:32.852;2022-12-22 11:09:42.805;26900
C03/2022/12/S5p_SO2-COBRA_26901.nc;2022-12-22 12:46:02.878;2022-12-22 12:50:40.072;26901
C03/2022/12/S5p_SO2-COBRA_26902.nc;2022-12-22 14:27:32.904;2022-12-22 14:31:55.818;26902
C03/2022/12/S5p_SO2-COBRA_26913.nc;2022-12-23 09:07:05.417;2022-12-23 09:09:12.255;26913
C03/2022/12/S5p_SO2-COBRA_26914.nc;2022-12-23 10:45:36.287;2022-12-23 10:50:42.040;26914
C03/2022/12/S5p_SO2-COBRA_26915.nc;2022-12-23 12:27:02.353;2022-12-23 12:32:02.226;26915
C03/2022/12/S5p_SO2-COBRA_26916.nc;2022-12-23 14:08:31.538;2022-12-23 14:13:28.051;26916
C03/2022/12/S5p_SO2-COBRA_26917.nc;2022-12-23 15:50:01.684;2022-12-23 15:52:15.241;26917
C03/2022/12/S5p_SO2-COBRA_26928.nc;2022-12-24 10:26:36.880;2022-12-24 10:31:41.793;26928
C03/2022/12/S5p_SO2-COBRA_26929.nc;2022-12-24 12:08:00.786;2022-12-24 12:13:11.579;26929
C03/2022/12/S5p_SO2-COBRA_26930.nc;2022-12-24 13:49:30.811;2022-12-24 13:54:41.604;26930
C03/2022/12/S5p_SO2-COBRA_26931.nc;2022-12-24 15:31:00.837;2022-12-24 15:33:46.313;26931
C03/2022/12/S5p_SO2-COBRA_26942.nc;2022-12-25 10:07:49.862;2022-12-25 10:12:41.336;26942
C03/2022/12/S5p_SO2-COBRA_26943.nc;2022-12-25 11:49:00.088;2022-12-25 11:54:10.881;26943
C03/2022/12/S5p_SO2-COBRA_26944.nc;2022-12-25 13:30:30.114;2022-12-25 13:35:40.907;26944
C03/2022/12/S5p_SO2-COBRA_26945.nc;2022-12-25 15:12:00.139;2022-12-25 15:15:15.015;26945
C03/2022/12/S5p_SO2-COBRA_26956.nc;2022-12-26 09:49:15.174;2022-12-26 09:53:40.608;26956
C03/2022/12/S5p_SO2-COBRA_26957.nc;2022-12-26 11:29:59.840;2022-12-26 11:35:10.633;26957
C03/2022/12/S5p_SO2-COBRA_26958.nc;2022-12-26 13:11:28.785;2022-12-26 13:16:40.418;26958
C03/2022/12/S5p_SO2-COBRA_26959.nc;2022-12-26 14:52:59.051;2022-12-26 14:56:44.166;26959
C03/2022/12/S5p_SO2-COBRA_26970.nc;2022-12-27 09:30:51.165;2022-12-27 09:34:40.479;26970
C03/2022/12/S5p_SO2-COBRA_26971.nc;2022-12-27 11:10:58.032;2022-12-27 11:16:10.505;26971
C03/2022/12/S5p_SO2-COBRA_26972.nc;2022-12-27 12:52:28.057;2022-12-27 12:57:40.530;26972
C03/2022/12/S5p_SO2-COBRA_26973.nc;2022-12-27 14:33:57.843;2022-12-27 14:38:14.877;26973
C03/2022/12/S5p_SO2-COBRA_26984.nc;2022-12-28 09:12:21.755;2022-12-28 09:15:34.951;26984
C03/2022/12/S5p_SO2-COBRA_26985.nc;2022-12-28 10:51:57.423;2022-12-28 10:57:09.896;26985
C03/2022/12/S5p_SO2-COBRA_26986.nc;2022-12-28 12:33:27.448;2022-12-28 12:38:39.081;26986
C03/2022/12/S5p_SO2-COBRA_26987.nc;2022-12-28 14:14:57.474;2022-12-28 14:19:42.228;26987
C03/2022/12/S5p_SO2-COBRA_26988.nc;2022-12-28 15:56:26.660;2022-12-28 15:58:16.697;26988
C03/2022/12/S5p_SO2-COBRA_26998.nc;2022-12-29 08:56:08.064;2022-12-29 08:56:39.984;26998
C03/2022/12/S5p_SO2-COBRA_26999.nc;2022-12-29 10:32:59.696;2022-12-29 10:38:09.649;26999
C03/2022/12/S5p_SO2-COBRA_27000.nc;2022-12-29 12:14:26.362;2022-12-29 12:19:15.315;27000
C03/2022/12/S5p_SO2-COBRA_27001.nc;2022-12-29 13:55:56.387;2022-12-29 14:00:44.501;27001
C03/2022/12/S5p_SO2-COBRA_27002.nc;2022-12-29 15:37:25.813;2022-12-29 15:40:05.409;27002
C03/2022/12/S5p_SO2-COBRA_27013.nc;2022-12-30 10:14:09.048;2022-12-30 10:19:07.241;27013
C03/2022/12/S5p_SO2-COBRA_27014.nc;2022-12-30 11:55:25.514;2022-12-30 12:00:39.667;27014
C03/2022/12/S5p_SO2-COBRA_27015.nc;2022-12-30 13:36:54.699;2022-12-30 13:42:08.012;27015
C03/2022/12/S5p_SO2-COBRA_27016.nc;2022-12-30 15:18:24.725;2022-12-30 15:21:37.080;27016
C03/2022/12/S5p_SO2-COBRA_27027.nc;2022-12-31 09:55:26.799;2022-12-31 10:00:03.153;27027
C03/2022/12/S5p_SO2-COBRA_27028.nc;2022-12-31 11:36:24.065;2022-12-31 11:41:39.898;27028
C03/2022/12/S5p_SO2-COBRA_27029.nc;2022-12-31 13:17:54.330;2022-12-31 13:23:10.163;27029
C03/2022/12/S5p_SO2-COBRA_27030.nc;2022-12-31 14:59:23.996;2022-12-31 15:03:05.751;27030
C03/2023/03/S5p_SO2-COBRA_27878.nc;2023-03-01 09:30:47.942;2023-03-01 09:39:27.051;27878
C03/2023/03/S5p_SO2-COBRA_27879.nc;2023-03-01 11:11:07.407;2023-03-01 11:20:57.073;27879
C03/2023/03/S5p_SO2-COBRA_27880.nc;2023-03-01 12:52:36.829;2023-03-01 13:02:27.336;27880
C03/2023/03/S5p_SO2-COBRA_27881.nc;2023-03-01 14:34:06.492;2023-03-01 14:42:35.520;27881
C03/2023/03/S5p_SO2-COBRA_27892.nc;2023-03-02 09:12:35.053;2023-03-02 09:20:31.322;27892
C03/2023/03/S5p_SO2-COBRA_27893.nc;2023-03-02 10:52:04.598;2023-03-02 11:02:01.825;27893
C03/2023/03/S5p_SO2-COBRA_27894.nc;2023-03-02 12:33:34.621;2023-03-02 12:43:31.847;27894
C03/2023/03/S5p_SO2-COBRA_27895.nc;2023-03-02 14:15:03.803;2023-03-02 14:23:57.191;27895
C03/2023/03/S5p_SO2-COBRA_27896.nc;2023-03-02 15:56:33.346;2023-03-02 16:03:53.496;27896
C03/2023/03/S5p_SO2-COBRA_27906.nc;2023-03-03 08:56:53.520;2023-03-03 09:00:49.555;27906
C03/2023/03/S5p_SO2-COBRA_27907.nc;2023-03-03 10:33:05.550;2023-03-03 10:43:06.136;27907
C03/2023/03/S5p_SO2-COBRA_27908.nc;2023-03-03 12:14:31.373;2023-03-03 12:24:36.159;27908
C03/2023/03/S5p_SO2-COBRA_27909.nc;2023-03-03 13:56:01.395;2023-03-03 14:05:17.463;27909
C03/2023/03/S5p_SO2-COBRA_27910.nc;2023-03-03 15:37:31.418;2023-03-03 15:44:55.768;27910
C03/2023/03/S5p_SO2-COBRA_27920.nc;2023-03-04 08:39:21.550;2023-03-04 08:41:59.467;27920
C03/2023/03/S5p_SO2-COBRA_27921.nc;2023-03-04 10:14:13.662;2023-03-04 10:24:10.048;27921
C03/2023/03/S5p_SO2-COBRA_27922.nc;2023-03-04 11:55:29.165;2023-03-04 12:05:40.671;27922
C03/2023/03/S5p_SO2-COBRA_27923.nc;2023-03-04 13:36:58.588;2023-03-04 13:46:29.774;27923
C03/2023/03/S5p_SO2-COBRA_27924.nc;2023-03-04 15:18:28.130;2023-03-04 15:26:01.720;27924
C03/2023/03/S5p_SO2-COBRA_27934.nc;2023-03-05 08:22:01.341;2023-03-05 08:22:45.020;27934
C03/2023/03/S5p_SO2-COBRA_27935.nc;2023-03-05 09:55:30.054;2023-03-05 10:05:14.681;27935
C03/2023/03/S5p_SO2-COBRA_27936.nc;2023-03-05 11:36:26.717;2023-03-05 11:46:44.943;27936
C03/2023/03/S5p_SO2-COBRA_27937.nc;2023-03-05 13:17:55.660;2023-03-05 13:27:51.206;27937
C03/2023/03/S5p_SO2-COBRA_27938.nc;2023-03-05 14:59:25.683;2023-03-05 15:07:59.751;27938
C03/2023/03/S5p_SO2-COBRA_27948.nc;2023-03-06 08:04:40.930;2023-03-06 08:04:42.610;27948
C03/2023/03/S5p_SO2-COBRA_27949.nc;2023-03-06 09:36:54.046;2023-03-06 09:46:18.513;27949
C03/2023/03/S5p_SO2-COBRA_27950.nc;2023-03-06 11:17:23.829;2023-03-06 11:27:48.775;27950
C03/2023/03/S5p_SO2-COBRA_27951.nc;2023-03-06 12:58:53.012;2023-03-06 13:09:17.118;27951
C03/2023/03/S5p_SO2-COBRA_27952.nc;2023-03-06 14:40:23.395;2023-03-06 14:49:19.302;27952
C03/2023/03/S5p_SO2-COBRA_27963.nc;2023-03-07 09:18:25.197;2023-03-07 09:27:22.784;27963
C03/2023/03/S5p_SO2-COBRA_27964.nc;2023-03-07 10:58:20.661;2023-03-07 11:08:53.167;27964
C03/2023/03/S5p_SO2-COBRA_27965.nc;2023-03-07 12:39:50.323;2023-03-07 12:50:22.829;27965
C03/2023/03/S5p_SO2-COBRA_27966.nc;2023-03-07 14:21:20.585;2023-03-07 14:30:34.133;27966
C03/2023/03/S5p_SO2-COBRA_27967.nc;2023-03-07 16:02:49.888;2023-03-07 16:05:44.604;27967
C03/2023/03/S5p_SO2-COBRA_27977.nc;2023-03-08 09:01:42.904;2023-03-08 09:07:59.215;27977
C03/2023/03/S5p_SO2-COBRA_27978.nc;2023-03-08 10:39:20.251;2023-03-08 10:49:56.957;27978
C03/2023/03/S5p_SO2-COBRA_27979.nc;2023-03-08 12:20:47.754;2023-03-08 12:31:27.819;27979
C03/2023/03/S5p_SO2-COBRA_27980.nc;2023-03-08 14:02:17.176;2023-03-08 14:11:57.603;27980
C03/2023/03/S5p_SO2-COBRA_27981.nc;2023-03-08 15:43:47.198;2023-03-08 15:54:01.224;27981
C03/2023/03/S5p_SO2-COBRA_27991.nc;2023-03-09 08:44:55.451;2023-03-09 08:48:49.806;27991
C03/2023/03/S5p_SO2-COBRA_27992.nc;2023-03-09 10:20:25.122;2023-03-09 10:31:00.987;27992
C03/2023/03/S5p_SO2-COBRA_27993.nc;2023-03-09 12:01:44.584;2023-03-09 12:12:31.369;27993
C03/2023/03/S5p_SO2-COBRA_27994.nc;2023-03-09 13:43:14.607;2023-03-09 13:53:16.873;27994
C03/2023/03/S5p_SO2-COBRA_27995.nc;2023-03-09 15:24:44.269;2023-03-09 15:33:25.057;27995
C03/2023/03/S5p_SO2-COBRA_28005.nc;2023-03-10 08:27:39.439;2023-03-10 08:30:34.155;28005
C03/2023/03/S5p_SO2-COBRA_28006.nc;2023-03-10 10:01:38.392;2023-03-10 10:11:51.577;28006
C03/2023/03/S5p_SO2-COBRA_28007.nc;2023-03-10 11:42:42.374;2023-03-10 11:53:35.879;28007
C03/2023/03/S5p_SO2-COBRA_28008.nc;2023-03-10 13:24:11.557;2023-03-10 13:34:36.503;28008
C03/2023/03/S5p_SO2-COBRA_28009.nc;2023-03-10 15:05:41.700;2023-03-10 15:14:44.327;28009
C03/2023/03/S5p_SO2-COBRA_28019.nc;2023-03-11 08:10:07.318;2023-03-11 08:11:37.196;28019
C03/2023/03/S5p_SO2-COBRA_28020.nc;2023-03-11 09:43:00.032;2023-03-11 09:53:09.858;28020
C03/2023/03/S5p_SO2-COBRA_28021.nc;2023-03-11 11:23:38.816;2023-03-11 11:34:39.041;28021
C03/2023/03/S5p_SO2-COBRA_28022.nc;2023-03-11 13:05:09.078;2023-03-11 13:15:53.343;28022
C03/2023/03/S5p_SO2-COBRA_28023.nc;2023-03-11 14:46:38.621;2023-03-11 14:56:02.248;28023
C03/2023/03/S5p_SO2-COBRA_28034.nc;2023-03-12 09:24:34.902;2023-03-12 09:34:13.648;28034
C03/2023/03/S5p_SO2-COBRA_28035.nc;2023-03-12 11:04:36.126;2023-03-12 11:15:43.070;28035
C03/2023/03/S5p_SO2-COBRA_28036.nc;2023-03-12 12:46:05.548;2023-03-12 12:57:14.172;28036
C03/2023/03/S5p_SO2-COBRA_28037.nc;2023-03-12 14:27:35.570;2023-03-12 14:37:19.357;28037
C03/2023/03/S5p_SO2-COBRA_28048.nc;2023-03-13 09:07:05.808;2023-03-13 09:15:18.036;28048
C03/2023/03/S5p_SO2-COBRA_28049.nc;2023-03-13 10:45:33.434;2023-03-13 10:56:47.938;28049
C03/2023/03/S5p_SO2-COBRA_28050.nc;2023-03-13 12:27:02.976;2023-03-13 12:38:18.321;28050
C03/2023/03/S5p_SO2-COBRA_28051.nc;2023-03-13 14:08:32.398;2023-03-13 14:18:37.185;28051
C03/2023/03/S5p_SO2-COBRA_28052.nc;2023-03-13 15:50:02.660;2023-03-13 15:58:49.328;28052
C03/2023/03/S5p_SO2-COBRA_28062.nc;2023-03-14 08:50:51.830;2023-03-14 08:55:29.864;28062
C03/2023/03/S5p_SO2-COBRA_28063.nc;2023-03-14 10:26:37.700;2023-03-14 10:37:52.205;28063
C03/2023/03/S5p_SO2-COBRA_28064.nc;2023-03-14 12:08:00.042;2023-03-14 12:19:22.107;28064
C03/2023/03/S5p_SO2-COBRA_28065.nc;2023-03-14 13:49:29.945;2023-03-14 13:59:54.890;28065
C03/2023/03/S5p_SO2-COBRA_28066.nc;2023-03-14 15:30:59.127;2023-03-14 15:40:10.154;28066
C03/2023/03/S5p_SO2-COBRA_28076.nc;2023-03-15 08:33:22.254;2023-03-15 08:36:46.369;28076
C03/2023/03/S5p_SO2-COBRA_28077.nc;2023-03-15 10:07:47.486;2023-03-15 10:18:56.110;28077
C03/2023/03/S5p_SO2-COBRA_28078.nc;2023-03-15 11:48:56.508;2023-03-15 12:00:26.132;28078
C03/2023/03/S5p_SO2-COBRA_28079.nc;2023-03-15 13:30:26.170;2023-03-15 13:41:11.276;28079
C03/2023/03/S5p_SO2-COBRA_28080.nc;2023-03-15 15:11:56.553;2023-03-15 15:21:28.580;28080
C03/2023/03/S5p_SO2-COBRA_28090.nc;2023-03-16 08:15:52.440;2023-03-16 08:18:29.517;28090
C03/2023/03/S5p_SO2-COBRA_28091.nc;2023-03-16 09:49:08.914;2023-03-16 10:00:02.419;28091
C03/2023/03/S5p_SO2-COBRA_28092.nc;2023-03-16 11:29:56.097;2023-03-16 11:41:33.281;28092
C03/2023/03/S5p_SO2-COBRA_28093.nc;2023-03-16 13:11:26.599;2023-03-16 13:22:34.384;28093
C03/2023/03/S5p_SO2-COBRA_28094.nc;2023-03-16 14:52:56.501;2023-03-16 15:02:40.288;28094
C03/2023/03/S5p_SO2-COBRA_28104.nc;2023-03-17 07:58:33.423;2023-03-17 07:59:38.942;28104
C03/2023/03/S5p_SO2-COBRA_28105.nc;2023-03-17 09:30:38.378;2023-03-17 09:40:40.644;28105
C03/2023/03/S5p_SO2-COBRA_28106.nc;2023-03-17 11:10:57.362;2023-03-17 11:22:41.265;28106
C03/2023/03/S5p_SO2-COBRA_28107.nc;2023-03-17 12:52:27.383;2023-03-17 13:03:57.008;28107
C03/2023/03/S5p_SO2-COBRA_28108.nc;2023-03-17 14:33:57.405;2023-03-17 14:44:07.231;28108
C03/2023/03/S5p_SO2-COBRA_28118.nc;2023-03-18 07:40:11.165;2023-03-18 07:40:45.604;28118
C03/2023/03/S5p_SO2-COBRA_28120.nc;2023-03-18 10:51:57.544;2023-03-18 11:03:49.007;28120
C03/2023/03/S5p_SO2-COBRA_28121.nc;2023-03-18 12:33:27.926;2023-03-18 12:45:19.389;28121
C03/2023/03/S5p_SO2-COBRA_28122.nc;2023-03-18 14:14:57.748;2023-03-18 14:25:28.573;28122
C03/2023/03/S5p_SO2-COBRA_28123.nc;2023-03-18 15:56:27.169;2023-03-18 16:05:42.397;28123
C03/2023/03/S5p_SO2-COBRA_28133.nc;2023-03-19 08:56:18.495;2023-03-19 09:03:26.046;28133
C03/2023/03/S5p_SO2-COBRA_28134.nc;2023-03-19 10:33:01.604;2023-03-19 10:44:56.427;28134
C03/2023/03/S5p_SO2-COBRA_28135.nc;2023-03-19 12:14:28.266;2023-03-19 12:26:26.449;28135
C03/2023/03/S5p_SO2-COBRA_28136.nc;2023-03-19 13:55:57.927;2023-03-19 14:06:48.072;28136
C03/2023/03/S5p_SO2-COBRA_28137.nc;2023-03-19 15:37:28.189;2023-03-19 15:46:54.336;28137
C03/2023/03/S5p_SO2-COBRA_28147.nc;2023-03-20 08:39:17.111;2023-03-20 08:44:22.864;28147
C03/2023/03/S5p_SO2-COBRA_28148.nc;2023-03-20 10:14:13.422;2023-03-20 10:26:04.045;28148
C03/2023/03/S5p_SO2-COBRA_28149.nc;2023-03-20 11:55:28.564;2023-03-20 12:07:34.307;28149
C03/2023/03/S5p_SO2-COBRA_28150.nc;2023-03-20 13:36:59.065;2023-03-20 13:48:08.529;28150
C03/2023/03/S5p_SO2-COBRA_28151.nc;2023-03-20 15:18:28.487;2023-03-20 15:28:19.833;28151
C03/2023/03/S5p_SO2-COBRA_28161.nc;2023-03-21 08:21:55.806;2023-03-21 08:25:38.401;28161
C03/2023/03/S5p_SO2-COBRA_28162.nc;2023-03-21 09:55:33.278;2023-03-21 10:07:11.302;28162
C03/2023/03/S5p_SO2-COBRA_28163.nc;2023-03-21 11:36:29.461;2023-03-21 11:48:33.524;28163
C03/2023/03/S5p_SO2-COBRA_28164.nc;2023-03-21 13:17:59.482;2023-03-21 13:29:28.266;28164
C03/2023/03/S5p_SO2-COBRA_28165.nc;2023-03-21 14:59:28.903;2023-03-21 15:09:50.489;28165
C03/2023/03/S5p_SO2-COBRA_28175.nc;2023-03-22 08:04:19.421;2023-03-22 08:06:48.938;28175
C03/2023/03/S5p_SO2-COBRA_28176.nc;2023-03-22 09:37:00.495;2023-03-22 09:48:19.199;28176
C03/2023/03/S5p_SO2-COBRA_28177.nc;2023-03-22 11:17:30.038;2023-03-22 11:29:47.541;28177
C03/2023/03/S5p_SO2-COBRA_28178.nc;2023-03-22 12:58:59.219;2023-03-22 13:10:47.323;28178
C03/2023/03/S5p_SO2-COBRA_28179.nc;2023-03-22 14:40:29.241;2023-03-22 14:51:01.746;28179
C03/2023/03/S5p_SO2-COBRA_28190.nc;2023-03-23 09:18:32.591;2023-03-23 09:29:16.856;28190
C03/2023/03/S5p_SO2-COBRA_28191.nc;2023-03-23 10:58:30.454;2023-03-23 11:10:57.197;28191
C03/2023/03/S5p_SO2-COBRA_28192.nc;2023-03-23 12:40:00.475;2023-03-23 12:52:08.739;28192
C03/2023/03/S5p_SO2-COBRA_28193.nc;2023-03-23 14:21:29.897;2023-03-23 14:32:16.682;28193
C03/2023/03/S5p_SO2-COBRA_28194.nc;2023-03-23 16:03:00.549;2023-03-23 16:05:57.785;28194
C03/2023/03/S5p_SO2-COBRA_28204.nc;2023-03-24 09:01:55.114;2023-03-24 09:10:29.182;28204
C03/2023/03/S5p_SO2-COBRA_28205.nc;2023-03-24 10:39:32.460;2023-03-24 10:52:05.083;28205
C03/2023/03/S5p_SO2-COBRA_28206.nc;2023-03-24 12:21:00.202;2023-03-24 12:33:31.984;28206
C03/2023/03/S5p_SO2-COBRA_28207.nc;2023-03-24 14:02:30.823;2023-03-24 14:13:26.848;28207
C03/2023/03/S5p_SO2-COBRA_28208.nc;2023-03-24 15:44:00.005;2023-03-24 15:54:12.351;28208
C03/2023/03/S5p_SO2-COBRA_28218.nc;2023-03-25 08:45:10.648;2023-03-25 08:51:42.079;28218
C03/2023/03/S5p_SO2-COBRA_28219.nc;2023-03-25 10:20:40.558;2023-03-25 10:33:12.341;28219
C03/2023/03/S5p_SO2-COBRA_28220.nc;2023-03-25 12:02:01.220;2023-03-25 12:14:43.082;28220
C03/2023/03/S5p_SO2-COBRA_28221.nc;2023-03-25 13:43:30.401;2023-03-25 13:55:02.545;28221
C03/2023/03/S5p_SO2-COBRA_28222.nc;2023-03-25 15:25:00.783;2023-03-25 15:35:28.248;28222
C03/2023/03/S5p_SO2-COBRA_28232.nc;2023-03-26 08:27:57.622;2023-03-26 08:32:48.256;28232
C03/2023/03/S5p_SO2-COBRA_28233.nc;2023-03-26 10:01:57.774;2023-03-26 10:14:19.477;28233
C03/2023/03/S5p_SO2-COBRA_28234.nc;2023-03-26 11:43:01.277;2023-03-26 11:55:50.699;28234
C03/2023/03/S5p_SO2-COBRA_28235.nc;2023-03-26 13:24:31.538;2023-03-26 13:36:15.442;28235
C03/2023/03/S5p_SO2-COBRA_28236.nc;2023-03-26 15:06:00.719;2023-03-26 15:16:40.785;28236
C03/2023/03/S5p_SO2-COBRA_28246.nc;2023-03-27 08:11:51.915;2023-03-27 08:13:56.232;28246
C03/2023/03/S5p_SO2-COBRA_28247.nc;2023-03-27 09:43:22.431;2023-03-27 09:55:27.334;28247
C03/2023/03/S5p_SO2-COBRA_28248.nc;2023-03-27 11:24:01.813;2023-03-27 11:36:57.956;28248
C03/2023/03/S5p_SO2-COBRA_28249.nc;2023-03-27 13:05:31.835;2023-03-27 13:17:34.218;28249
C03/2023/03/S5p_SO2-COBRA_28250.nc;2023-03-27 14:47:01.257;2023-03-27 14:58:04.841;28250
C03/2023/03/S5p_SO2-COBRA_28260.nc;2023-03-28 07:53:03.133;2023-03-28 07:55:04.090;28260
C03/2023/03/S5p_SO2-COBRA_28261.nc;2023-03-28 09:24:53.568;2023-03-28 09:36:34.112;28261
C03/2023/03/S5p_SO2-COBRA_28262.nc;2023-03-28 11:05:01.511;2023-03-28 11:18:05.213;28262
C03/2023/03/S5p_SO2-COBRA_28263.nc;2023-03-28 12:46:31.893;2023-03-28 12:58:49.396;28263
C03/2023/03/S5p_SO2-COBRA_28264.nc;2023-03-28 14:28:01.435;2023-03-28 14:39:09.219;28264
C03/2023/03/S5p_SO2-COBRA_28274.nc;2023-03-29 07:34:33.188;2023-03-29 07:36:03.066;28274
C03/2023/03/S5p_SO2-COBRA_28275.nc;2023-03-29 09:07:32.502;2023-03-29 09:17:41.488;28275
C03/2023/03/S5p_SO2-COBRA_28276.nc;2023-03-29 10:46:02.407;2023-03-29 10:59:11.989;28276
C03/2023/03/S5p_SO2-COBRA_28277.nc;2023-03-29 12:27:31.828;2023-03-29 12:40:13.691;28277
C03/2023/03/S5p_SO2-COBRA_28278.nc;2023-03-29 14:09:01.850;2023-03-29 14:20:41.554;28278
C03/2023/03/S5p_SO2-COBRA_28279.nc;2023-03-29 15:50:32.231;2023-03-29 15:59:36.539;28279
C03/2023/03/S5p_SO2-COBRA_28288.nc;2023-03-30 07:16:27.004;2023-03-30 07:17:03.123;28288
C03/2023/03/S5p_SO2-COBRA_28289.nc;2023-03-30 08:51:23.194;2023-03-30 08:58:48.384;28289
C03/2023/03/S5p_SO2-COBRA_28290.nc;2023-03-30 10:27:09.303;2023-03-30 10:40:19.725;28290
C03/2023/03/S5p_SO2-COBRA_28291.nc;2023-03-30 12:08:32.245;2023-03-30 12:20:54.788;28291
C03/2023/03/S5p_SO2-COBRA_28292.nc;2023-03-30 13:50:02.266;2023-03-30 14:01:55.410;28292
C03/2023/03/S5p_SO2-COBRA_28293.nc;2023-03-30 15:31:32.288;2023-03-30 15:40:56.755;28293
C03/2023/03/S5p_SO2-COBRA_28302.nc;2023-03-31 06:58:20.219;2023-03-31 06:58:20.219;28302
C03/2023/03/S5p_SO2-COBRA_28303.nc;2023-03-31 08:35:58.406;2023-03-31 08:39:55.280;28303
C03/2023/03/S5p_SO2-COBRA_28304.nc;2023-03-31 10:08:22.320;2023-03-31 10:21:26.862;28304
C03/2023/03/S5p_SO2-COBRA_28305.nc;2023-03-31 11:49:32.422;2023-03-31 12:02:36.963;28305
C03/2023/03/S5p_SO2-COBRA_28306.nc;2023-03-31 13:31:02.443;2023-03-31 13:42:53.906;28306
C03/2023/03/S5p_SO2-COBRA_28307.nc;2023-03-31 15:12:31.864;2023-03-31 15:23:18.649;28307
C03/2023/08/S5p_SO2-COBRA_30046.nc;2023-08-01 05:13:07.197;2023-08-01 05:13:57.596;30046
C03/2023/08/S5p_SO2-COBRA_30047.nc;2023-08-01 06:51:37.219;2023-08-01 06:55:29.894;30047
C03/2023/08/S5p_SO2-COBRA_30048.nc;2023-08-01 08:27:38.925;2023-08-01 08:36:59.192;30048
C03/2023/08/S5p_SO2-COBRA_30049.nc;2023-08-01 10:01:40.514;2023-08-01 10:17:36.411;30049
C03/2023/08/S5p_SO2-COBRA_30050.nc;2023-08-01 11:42:44.253;2023-08-01 11:57:28.752;30050
C03/2023/08/S5p_SO2-COBRA_30051.nc;2023-08-01 13:24:14.511;2023-08-01 13:35:45.815;30051
C03/2023/08/S5p_SO2-COBRA_30052.nc;2023-08-01 15:05:43.810;2023-08-01 15:19:11.871;30052
C03/2023/08/S5p_SO2-COBRA_30060.nc;2023-08-02 04:54:28.210;2023-08-02 04:54:52.570;30060
C03/2023/08/S5p_SO2-COBRA_30061.nc;2023-08-02 06:33:12.992;2023-08-02 06:36:21.988;30061
C03/2023/08/S5p_SO2-COBRA_30062.nc;2023-08-02 08:10:14.217;2023-08-02 08:17:51.166;30062
C03/2023/08/S5p_SO2-COBRA_30063.nc;2023-08-02 09:43:01.167;2023-08-02 09:58:54.545;30063
C03/2023/08/S5p_SO2-COBRA_30064.nc;2023-08-02 11:23:40.547;2023-08-02 11:38:43.526;30064
C03/2023/08/S5p_SO2-COBRA_30065.nc;2023-08-02 13:05:10.806;2023-08-02 13:18:56.506;30065
C03/2023/08/S5p_SO2-COBRA_30066.nc;2023-08-02 14:46:39.984;2023-08-02 15:00:08.045;30066
C03/2023/08/S5p_SO2-COBRA_30075.nc;2023-08-03 06:14:45.046;2023-08-03 06:17:12.042;30075
C03/2023/08/S5p_SO2-COBRA_30076.nc;2023-08-03 07:52:08.950;2023-08-03 07:58:37.860;30076
C03/2023/08/S5p_SO2-COBRA_30077.nc;2023-08-03 09:24:27.941;2023-08-03 09:40:12.918;30077
C03/2023/08/S5p_SO2-COBRA_30078.nc;2023-08-03 11:04:37.441;2023-08-03 11:19:55.539;30078
C03/2023/08/S5p_SO2-COBRA_30080.nc;2023-08-03 14:27:36.519;2023-08-03 14:40:59.540;30080
C03/2023/08/S5p_SO2-COBRA_30089.nc;2023-08-04 05:56:14.581;2023-08-04 05:58:06.299;30089
C03/2023/08/S5p_SO2-COBRA_30090.nc;2023-08-04 07:34:05.485;2023-08-04 07:39:36.437;30090
C03/2023/08/S5p_SO2-COBRA_30091.nc;2023-08-04 09:07:01.436;2023-08-04 09:21:05.616;30091
C03/2023/08/S5p_SO2-COBRA_30092.nc;2023-08-04 10:45:34.218;2023-08-04 11:01:11.636;30092
C03/2023/08/S5p_SO2-COBRA_30093.nc;2023-08-04 12:27:03.517;2023-08-04 12:41:11.897;30093
C03/2023/08/S5p_SO2-COBRA_30094.nc;2023-08-04 14:08:33.057;2023-08-04 14:21:51.878;30094
C03/2023/08/S5p_SO2-COBRA_30103.nc;2023-08-05 05:37:43.160;2023-08-05 05:38:58.758;30103
C03/2023/08/S5p_SO2-COBRA_30104.nc;2023-08-05 07:15:53.503;2023-08-05 07:20:20.617;30104
C03/2023/08/S5p_SO2-COBRA_30105.nc;2023-08-05 08:50:29.171;2023-08-05 09:01:57.955;30105
C03/2023/08/S5p_SO2-COBRA_30106.nc;2023-08-05 10:26:36.397;2023-08-05 10:42:27.255;30106
C03/2023/08/S5p_SO2-COBRA_30107.nc;2023-08-05 12:07:59.696;2023-08-05 12:22:24.876;30107
C03/2023/08/S5p_SO2-COBRA_30108.nc;2023-08-05 13:49:29.236;2023-08-05 14:02:56.457;30108
C03/2023/08/S5p_SO2-COBRA_30109.nc;2023-08-05 15:30:59.015;2023-08-05 15:44:27.076;30109
C03/2023/08/S5p_SO2-COBRA_30117.nc;2023-08-06 05:19:09.699;2023-08-06 05:19:50.858;30117
C03/2023/08/S5p_SO2-COBRA_30118.nc;2023-08-06 06:57:34.682;2023-08-06 07:01:20.637;30118
C03/2023/08/S5p_SO2-COBRA_30119.nc;2023-08-06 08:33:18.509;2023-08-06 08:42:49.695;30119
C03/2023/08/S5p_SO2-COBRA_30120.nc;2023-08-06 10:07:46.137;2023-08-06 10:23:38.675;30120
C03/2023/08/S5p_SO2-COBRA_30121.nc;2023-08-06 11:48:56.597;2023-08-06 12:03:36.056;30121
C03/2023/08/S5p_SO2-COBRA_30122.nc;2023-08-06 13:30:26.376;2023-08-06 13:43:57.797;30122
C03/2023/08/S5p_SO2-COBRA_30123.nc;2023-08-06 15:11:55.315;2023-08-06 15:25:23.376;30123
C03/2023/08/S5p_SO2-COBRA_30131.nc;2023-08-07 05:00:34.200;2023-08-07 05:00:43.439;30131
C03/2023/08/S5p_SO2-COBRA_30132.nc;2023-08-07 06:39:30.502;2023-08-07 06:42:12.618;30132
C03/2023/08/S5p_SO2-COBRA_30133.nc;2023-08-07 08:15:47.208;2023-08-07 08:23:41.796;30133
C03/2023/08/S5p_SO2-COBRA_30134.nc;2023-08-07 09:49:03.798;2023-08-07 10:04:56.335;30134
C03/2023/08/S5p_SO2-COBRA_30135.nc;2023-08-07 11:29:52.777;2023-08-07 11:44:49.876;30135
C03/2023/08/S5p_SO2-COBRA_30136.nc;2023-08-07 13:11:22.796;2023-08-07 13:25:02.617;30136
C03/2023/08/S5p_SO2-COBRA_30137.nc;2023-08-07 14:52:51.736;2023-08-07 15:06:18.117;30137
C03/2023/08/S5p_SO2-COBRA_30146.nc;2023-08-08 06:20:56.202;2023-08-08 06:23:04.719;30146
C03/2023/08/S5p_SO2-COBRA_30147.nc;2023-08-08 07:57:58.587;2023-08-08 08:04:34.217;30147
C03/2023/08/S5p_SO2-COBRA_30148.nc;2023-08-08 09:30:29.578;2023-08-08 09:46:03.636;30148
C03/2023/08/S5p_SO2-COBRA_30149.nc;2023-08-08 11:10:48.678;2023-08-08 11:26:03.417;30149
C03/2023/08/S5p_SO2-COBRA_30150.nc;2023-08-08 12:52:18.818;2023-08-08 13:06:12.078;30150
C03/2023/08/S5p_SO2-COBRA_30151.nc;2023-08-08 14:33:48.837;2023-08-08 14:47:16.058;30151
C03/2023/08/S5p_SO2-COBRA_30152.nc;2023-08-08 16:28:22.317;2023-08-08 16:28:45.837;30152
C03/2023/08/S5p_SO2-COBRA_30160.nc;2023-08-09 06:02:15.622;2023-08-09 06:03:56.420;30160
C03/2023/08/S5p_SO2-COBRA_30161.nc;2023-08-09 07:39:58.126;2023-08-09 07:45:25.719;30161
C03/2023/08/S5p_SO2-COBRA_30162.nc;2023-08-09 09:12:14.358;2023-08-09 09:26:52.137;30162
C03/2023/08/S5p_SO2-COBRA_30163.nc;2023-08-09 10:51:45.099;2023-08-09 11:07:17.477;30163
C03/2023/08/S5p_SO2-COBRA_30164.nc;2023-08-09 12:33:14.758;2023-08-09 12:47:18.098;30164
C03/2023/08/S5p_SO2-COBRA_30165.nc;2023-08-09 14:14:44.778;2023-08-09 14:28:12.839;30165
C03/2023/08/S5p_SO2-COBRA_30166.nc;2023-08-09 15:56:14.797;2023-08-09 16:09:42.018;30166
C03/2023/08/S5p_SO2-COBRA_30174.nc;2023-08-10 05:43:44.625;2023-08-10 05:44:47.623;30174
C03/2023/08/S5p_SO2-COBRA_30175.nc;2023-08-10 07:21:48.848;2023-08-10 07:26:17.642;30175
C03/2023/08/S5p_SO2-COBRA_30176.nc;2023-08-10 08:55:53.797;2023-08-10 09:07:30.141;30176
C03/2023/08/S5p_SO2-COBRA_30177.nc;2023-08-10 10:32:45.542;2023-08-10 10:48:28.000;30177
C03/2023/08/S5p_SO2-COBRA_30178.nc;2023-08-10 12:14:11.121;2023-08-10 12:28:30.421;30178
C03/2023/08/S5p_SO2-COBRA_30179.nc;2023-08-10 13:55:40.781;2023-08-10 14:09:06.322;30179
C03/2023/08/S5p_SO2-COBRA_30180.nc;2023-08-10 15:37:10.680;2023-08-10 15:50:33.701;30180
C03/2023/08/S5p_SO2-COBRA_30188.nc;2023-08-11 05:25:10.686;2023-08-11 05:25:40.085;30188
C03/2023/08/S5p_SO2-COBRA_30189.nc;2023-08-11 07:03:32.309;2023-08-11 07:07:09.024;30189
C03/2023/08/S5p_SO2-COBRA_30190.nc;2023-08-11 08:38:55.016;2023-08-11 08:48:38.803;30190
C03/2023/08/S5p_SO2-COBRA_30191.nc;2023-08-11 10:13:52.525;2023-08-11 10:29:39.182;30191
C03/2023/08/S5p_SO2-COBRA_30192.nc;2023-08-11 11:55:08.024;2023-08-11 12:09:42.444;30192
C03/2023/08/S5p_SO2-COBRA_30193.nc;2023-08-11 13:36:37.204;2023-08-11 13:50:05.265;30193
C03/2023/08/S5p_SO2-COBRA_30194.nc;2023-08-11 15:18:06.863;2023-08-11 15:31:30.724;30194
C03/2023/08/S5p_SO2-COBRA_30203.nc;2023-08-12 06:45:10.611;2023-08-12 06:48:01.127;30203
C03/2023/08/S5p_SO2-COBRA_30204.nc;2023-08-12 08:21:30.677;2023-08-12 08:29:28.626;30204
C03/2023/08/S5p_SO2-COBRA_30205.nc;2023-08-12 09:55:07.547;2023-08-12 10:10:58.405;30205
C03/2023/08/S5p_SO2-COBRA_30206.nc;2023-08-12 11:36:04.087;2023-08-12 11:50:53.626;30206
C03/2023/08/S5p_SO2-COBRA_30207.nc;2023-08-12 13:17:34.106;2023-08-12 13:31:11.407;30207
C03/2023/08/S5p_SO2-COBRA_30208.nc;2023-08-12 14:59:03.046;2023-08-12 15:12:31.107;30208
C03/2023/08/S5p_SO2-COBRA_30217.nc;2023-08-13 06:26:50.473;2023-08-13 06:28:52.270;30217
C03/2023/08/S5p_SO2-COBRA_30218.nc;2023-08-13 08:03:55.058;2023-08-13 08:10:11.369;30218
C03/2023/08/S5p_SO2-COBRA_30219.nc;2023-08-13 09:36:30.609;2023-08-13 09:51:51.228;30219
C03/2023/08/S5p_SO2-COBRA_30220.nc;2023-08-13 11:17:00.150;2023-08-13 11:32:09.008;30220
C03/2023/08/S5p_SO2-COBRA_30221.nc;2023-08-13 12:58:30.289;2023-08-13 13:12:15.990;30221
C03/2023/08/S5p_SO2-COBRA_30222.nc;2023-08-13 14:39:59.709;2023-08-13 14:53:12.650;30222
C03/2023/08/S5p_SO2-COBRA_30231.nc;2023-08-14 06:08:16.896;2023-08-14 06:09:44.254;30231
C03/2023/08/S5p_SO2-COBRA_30232.nc;2023-08-14 07:46:03.840;2023-08-14 07:51:12.113;30232
C03/2023/08/S5p_SO2-COBRA_30233.nc;2023-08-14 09:17:57.872;2023-08-14 09:32:43.212;30233
C03/2023/08/S5p_SO2-COBRA_30234.nc;2023-08-14 10:57:56.334;2023-08-14 11:13:16.952;30234
C03/2023/08/S5p_SO2-COBRA_30235.nc;2023-08-14 12:39:26.113;2023-08-14 12:53:23.573;30235
C03/2023/08/S5p_SO2-COBRA_30236.nc;2023-08-14 14:20:56.253;2023-08-14 14:34:16.754;30236
C03/2023/08/S5p_SO2-COBRA_30237.nc;2023-08-14 16:02:26.113;2023-08-14 16:15:48.294;30237
C03/2023/08/S5p_SO2-COBRA_30245.nc;2023-08-15 05:49:46.641;2023-08-15 05:50:32.000;30245
C03/2023/08/S5p_SO2-COBRA_30246.nc;2023-08-15 07:27:54.825;2023-08-15 07:32:03.459;30246
C03/2023/08/S5p_SO2-COBRA_30247.nc;2023-08-15 09:01:16.095;2023-08-15 09:13:34.438;30247
C03/2023/08/S5p_SO2-COBRA_30248.nc;2023-08-15 10:38:54.880;2023-08-15 10:54:25.578;30248
C03/2023/08/S5p_SO2-COBRA_30249.nc;2023-08-15 12:20:22.379;2023-08-15 12:34:37.479;30249
C03/2023/08/S5p_SO2-COBRA_30250.nc;2023-08-15 14:01:52.159;2023-08-15 14:15:19.380;30250
C03/2023/08/S5p_SO2-COBRA_30251.nc;2023-08-15 15:43:22.298;2023-08-15 15:56:46.160;30251
C03/2023/08/S5p_SO2-COBRA_30259.nc;2023-08-16 05:31:11.985;2023-08-16 05:31:22.905;30259
C03/2023/08/S5p_SO2-COBRA_30260.nc;2023-08-16 07:09:28.809;2023-08-16 07:12:56.284;30260
C03/2023/08/S5p_SO2-COBRA_30261.nc;2023-08-16 08:46:51.874;2023-08-16 08:54:15.384;30261
C03/2023/08/S5p_SO2-COBRA_30262.nc;2023-08-16 10:19:59.105;2023-08-16 10:35:38.203;30262
C03/2023/08/S5p_SO2-COBRA_30263.nc;2023-08-16 12:01:19.045;2023-08-16 12:15:48.425;30263
C03/2023/08/S5p_SO2-COBRA_30264.nc;2023-08-16 13:42:48.825;2023-08-16 13:56:16.046;30264
C03/2023/08/S5p_SO2-COBRA_30265.nc;2023-08-16 15:24:17.765;2023-08-16 15:37:44.146;30265
C03/2023/08/S5p_SO2-COBRA_30274.nc;2023-08-17 06:51:08.195;2023-08-17 06:53:46.112;30274
C03/2023/08/S5p_SO2-COBRA_30275.nc;2023-08-17 08:27:11.462;2023-08-17 08:34:55.131;30275
C03/2023/08/S5p_SO2-COBRA_30276.nc;2023-08-17 10:01:11.012;2023-08-17 10:16:45.070;30276
C03/2023/08/S5p_SO2-COBRA_30277.nc;2023-08-17 11:42:14.752;2023-08-17 11:56:59.251;30277
C03/2023/08/S5p_SO2-COBRA_30278.nc;2023-08-17 13:23:44.532;2023-08-17 13:37:19.313;30278
C03/2023/08/S5p_SO2-COBRA_30279.nc;2023-08-17 15:05:14.792;2023-08-17 15:18:40.333;30279
C03/2023/08/S5p_SO2-COBRA_30288.nc;2023-08-18 06:32:50.502;2023-08-18 06:34:38.859;30288
C03/2023/08/S5p_SO2-COBRA_30289.nc;2023-08-18 08:09:33.248;2023-08-18 08:15:57.119;30289
C03/2023/08/S5p_SO2-COBRA_30290.nc;2023-08-18 09:42:31.719;2023-08-18 09:57:37.218;30290
C03/2023/08/S5p_SO2-COBRA_30291.nc;2023-08-18 11:23:11.340;2023-08-18 11:38:04.239;30291
C03/2023/08/S5p_SO2-COBRA_30292.nc;2023-08-18 13:04:40.639;2023-08-18 13:18:25.500;30292
C03/2023/08/S5p_SO2-COBRA_30293.nc;2023-08-18 14:46:10.899;2023-08-18 14:59:38.120;30293
C03/2023/08/S5p_SO2-COBRA_30302.nc;2023-08-19 06:14:21.249;2023-08-19 06:15:29.287;30302
C03/2023/08/S5p_SO2-COBRA_30303.nc;2023-08-19 07:51:39.874;2023-08-19 07:56:59.066;30303
C03/2023/08/S5p_SO2-COBRA_30304.nc;2023-08-19 09:23:58.986;2023-08-19 09:38:28.366;30304
C03/2023/08/S5p_SO2-COBRA_30305.nc;2023-08-19 11:04:07.767;2023-08-19 11:19:11.586;30305
C03/2023/08/S5p_SO2-COBRA_30306.nc;2023-08-19 12:45:36.947;2023-08-19 12:59:33.567;30306
C03/2023/08/S5p_SO2-COBRA_30307.nc;2023-08-19 14:27:07.086;2023-08-19 14:40:22.548;30307
C03/2023/08/S5p_SO2-COBRA_30308.nc;2023-08-19 16:20:47.649;2023-08-19 16:21:33.008;30308
C03/2023/08/S5p_SO2-COBRA_30317.nc;2023-08-20 07:33:36.539;2023-08-20 07:37:50.213;30317
C03/2023/08/S5p_SO2-COBRA_30318.nc;2023-08-20 09:06:34.531;2023-08-20 09:19:19.753;30318
C03/2023/08/S5p_SO2-COBRA_30319.nc;2023-08-20 10:45:04.074;2023-08-20 11:00:20.493;30319
C03/2023/08/S5p_SO2-COBRA_30320.nc;2023-08-20 12:26:33.254;2023-08-20 12:40:39.954;30320
C03/2023/08/S5p_SO2-COBRA_30321.nc;2023-08-20 14:08:03.034;2023-08-20 14:21:27.735;30321
C03/2023/08/S5p_SO2-COBRA_30322.nc;2023-08-20 15:49:32.333;2023-08-20 16:02:58.714;30322
C03/2023/08/S5p_SO2-COBRA_30331.nc;2023-08-21 07:15:34.767;2023-08-21 07:18:41.243;30331
C03/2023/08/S5p_SO2-COBRA_30332.nc;2023-08-21 08:49:58.316;2023-08-21 08:59:33.703;30332
C03/2023/08/S5p_SO2-COBRA_30333.nc;2023-08-21 10:26:05.783;2023-08-21 10:41:38.161;30333
C03/2023/08/S5p_SO2-COBRA_30334.nc;2023-08-21 12:07:29.443;2023-08-21 12:21:50.423;30334
C03/2023/08/S5p_SO2-COBRA_30335.nc;2023-08-21 13:48:59.223;2023-08-21 14:02:23.924;30335
C03/2023/08/S5p_SO2-COBRA_30336.nc;2023-08-21 15:30:29.003;2023-08-21 15:43:53.704;30336
C03/2023/08/S5p_SO2-COBRA_30345.nc;2023-08-22 06:57:05.156;2023-08-22 06:59:32.152;30345
C03/2023/08/S5p_SO2-COBRA_30346.nc;2023-08-22 08:32:49.703;2023-08-22 08:40:59.411;30346
C03/2023/08/S5p_SO2-COBRA_30347.nc;2023-08-22 10:07:15.532;2023-08-22 10:22:31.111;30347
C03/2023/08/S5p_SO2-COBRA_30348.nc;2023-08-22 11:48:25.752;2023-08-22 12:02:46.732;30348
C03/2023/08/S5p_SO2-COBRA_30349.nc;2023-08-22 13:29:55.052;2023-08-22 13:43:28.153;30349
C03/2023/08/S5p_SO2-COBRA_30350.nc;2023-08-22 15:11:24.832;2023-08-22 15:24:47.014;30350
C03/2023/08/S5p_SO2-COBRA_30359.nc;2023-08-23 06:38:53.155;2023-08-23 06:40:23.032;30359
C03/2023/08/S5p_SO2-COBRA_30360.nc;2023-08-23 08:15:17.901;2023-08-23 08:21:40.092;30360
C03/2023/08/S5p_SO2-COBRA_30361.nc;2023-08-23 09:48:33.772;2023-08-23 10:03:21.631;30361
C03/2023/08/S5p_SO2-COBRA_30362.nc;2023-08-23 11:29:21.793;2023-08-23 11:43:57.052;30362
C03/2023/08/S5p_SO2-COBRA_30363.nc;2023-08-23 13:10:51.093;2023-08-23 13:24:27.554;30363
C03/2023/08/S5p_SO2-COBRA_30364.nc;2023-08-23 14:52:21.473;2023-08-23 15:05:40.295;30364
C03/2023/08/S5p_SO2-COBRA_30373.nc;2023-08-24 06:20:57.265;2023-08-24 06:21:13.224;30373
C03/2023/08/S5p_SO2-COBRA_30374.nc;2023-08-24 07:57:30.171;2023-08-24 08:02:42.644;30374
C03/2023/08/S5p_SO2-COBRA_30375.nc;2023-08-24 09:29:59.243;2023-08-24 09:44:12.663;30375
C03/2023/08/S5p_SO2-COBRA_30376.nc;2023-08-24 11:10:17.625;2023-08-24 11:25:04.644;30376
C03/2023/08/S5p_SO2-COBRA_30377.nc;2023-08-24 12:51:47.405;2023-08-24 13:05:31.426;30377
C03/2023/08/S5p_SO2-COBRA_30378.nc;2023-08-24 14:33:16.945;2023-08-24 14:46:34.087;30378
C03/2023/08/S5p_SO2-COBRA_30388.nc;2023-08-25 07:39:41.123;2023-08-25 07:43:33.798;30388
C03/2023/08/S5p_SO2-COBRA_30389.nc;2023-08-25 09:11:46.316;2023-08-25 09:24:47.498;30389
C03/2023/08/S5p_SO2-COBRA_30390.nc;2023-08-25 10:51:13.819;2023-08-25 11:06:17.638;30390
C03/2023/08/S5p_SO2-COBRA_30391.nc;2023-08-25 12:32:43.839;2023-08-25 12:46:33.740;30391
C03/2023/08/S5p_SO2-COBRA_30392.nc;2023-08-25 14:14:13.619;2023-08-25 14:27:25.721;30392
C03/2023/08/S5p_SO2-COBRA_30393.nc;2023-08-25 15:55:47.959;2023-08-25 16:08:33.181;30393
C03/2023/08/S5p_SO2-COBRA_30402.nc;2023-08-26 07:21:29.277;2023-08-26 07:24:23.993;30402
C03/2023/08/S5p_SO2-COBRA_30403.nc;2023-08-26 08:55:24.627;2023-08-26 09:05:44.533;30403
C03/2023/08/S5p_SO2-COBRA_30404.nc;2023-08-26 10:32:13.494;2023-08-26 10:47:07.233;30404
C03/2023/08/S5p_SO2-COBRA_30405.nc;2023-08-26 12:13:39.794;2023-08-26 12:27:38.095;30405
C03/2023/08/S5p_SO2-COBRA_30406.nc;2023-08-26 13:55:09.574;2023-08-26 14:08:25.036;30406
C03/2023/08/S5p_SO2-COBRA_30407.nc;2023-08-26 15:36:39.354;2023-08-26 15:48:56.857;30407
C03/2023/08/S5p_SO2-COBRA_30416.nc;2023-08-27 07:03:01.472;2023-08-27 07:05:15.029;30416
C03/2023/08/S5p_SO2-COBRA_30417.nc;2023-08-27 08:38:25.661;2023-08-27 08:46:44.609;30417
C03/2023/08/S5p_SO2-COBRA_30418.nc;2023-08-27 10:13:20.050;2023-08-27 10:27:56.990;30418
C03/2023/08/S5p_SO2-COBRA_30419.nc;2023-08-27 11:54:36.031;2023-08-27 12:08:36.851;30419
C03/2023/08/S5p_SO2-COBRA_30420.nc;2023-08-27 13:36:05.572;2023-08-27 13:49:18.513;30420
C03/2023/08/S5p_SO2-COBRA_30421.nc;2023-08-27 15:17:35.352;2023-08-27 15:29:47.815;30421
C03/2023/08/S5p_SO2-COBRA_30430.nc;2023-08-28 06:44:44.268;2023-08-28 06:46:04.906;30430
C03/2023/08/S5p_SO2-COBRA_30431.nc;2023-08-28 08:20:59.656;2023-08-28 08:27:34.446;30431
C03/2023/08/S5p_SO2-COBRA_30432.nc;2023-08-28 09:54:35.927;2023-08-28 10:09:04.466;30432
C03/2023/08/S5p_SO2-COBRA_30433.nc;2023-08-28 11:35:31.508;2023-08-28 11:49:47.448;30433
C03/2023/08/S5p_SO2-COBRA_30434.nc;2023-08-28 13:17:01.768;2023-08-28 13:30:19.750;30434
C03/2023/08/S5p_SO2-COBRA_30435.nc;2023-08-28 14:58:30.709;2023-08-28 15:11:16.771;30435
C03/2023/08/S5p_SO2-COBRA_30444.nc;2023-08-29 06:26:19.107;2023-08-29 06:26:49.346;30444
C03/2023/08/S5p_SO2-COBRA_30445.nc;2023-08-29 08:03:16.133;2023-08-29 08:08:25.246;30445
C03/2023/08/S5p_SO2-COBRA_30446.nc;2023-08-29 09:35:58.766;2023-08-29 09:49:54.546;30446
C03/2023/08/S5p_SO2-COBRA_30447.nc;2023-08-29 11:16:27.468;2023-08-29 11:31:02.727;30447
C03/2023/08/S5p_SO2-COBRA_30448.nc;2023-08-29 12:57:57.248;2023-08-29 13:11:31.189;30448
C03/2023/08/S5p_SO2-COBRA_30449.nc;2023-08-29 14:39:27.149;2023-08-29 14:52:20.771;30449
C03/2023/08/S5p_SO2-COBRA_30459.nc;2023-08-30 07:45:18.692;2023-08-30 07:49:15.566;30459
C03/2023/08/S5p_SO2-COBRA_30460.nc;2023-08-30 09:17:25.925;2023-08-30 09:30:44.746;30460
C03/2023/08/S5p_SO2-COBRA_30461.nc;2023-08-30 10:57:23.907;2023-08-30 11:12:14.287;30461
C03/2023/08/S5p_SO2-COBRA_30462.nc;2023-08-30 12:38:53.248;2023-08-30 12:52:28.029;30462
C03/2023/08/S5p_SO2-COBRA_30463.nc;2023-08-30 14:20:23.029;2023-08-30 14:33:19.171;30463
C03/2023/08/S5p_SO2-COBRA_30464.nc;2023-08-30 16:01:52.929;2023-08-30 16:14:09.592;30464
C03/2023/08/S5p_SO2-COBRA_30473.nc;2023-08-31 07:27:13.133;2023-08-31 07:30:07.849;30473
C03/2023/08/S5p_SO2-COBRA_30474.nc;2023-08-31 09:00:47.965;2023-08-31 09:11:37.270;30474
C03/2023/08/S5p_SO2-COBRA_30475.nc;2023-08-31 10:38:23.631;2023-08-31 10:53:06.450;30475
C03/2023/08/S5p_SO2-COBRA_30476.nc;2023-08-31 12:19:51.732;2023-08-31 12:33:29.873;30476
C03/2023/08/S5p_SO2-COBRA_30477.nc;2023-08-31 14:01:21.753;2023-08-31 14:14:18.734;30477
C03/2023/08/S5p_SO2-COBRA_30478.nc;2023-08-31 15:42:51.773;2023-08-31 15:55:03.396;30478
C03/2023/04/S5p_SO2-COBRA_28317.nc;2023-04-01 08:16:27.022;2023-04-01 08:21:00.856;28317
C03/2023/04/S5p_SO2-COBRA_28318.nc;2023-04-01 09:49:44.575;2023-04-01 10:02:33.997;28318
C03/2023/04/S5p_SO2-COBRA_28319.nc;2023-04-01 11:30:32.477;2023-04-01 11:44:03.898;28319
C03/2023/04/S5p_SO2-COBRA_28320.nc;2023-04-01 13:12:02.858;2023-04-01 13:24:27.921;28320
C03/2023/04/S5p_SO2-COBRA_28321.nc;2023-04-01 14:53:32.280;2023-04-01 15:05:04.424;28321
C03/2023/04/S5p_SO2-COBRA_28331.nc;2023-04-02 07:59:05.115;2023-04-02 08:02:09.910;28331
C03/2023/04/S5p_SO2-COBRA_28332.nc;2023-04-02 09:31:12.589;2023-04-02 09:43:35.972;28332
C03/2023/04/S5p_SO2-COBRA_28333.nc;2023-04-02 11:11:32.292;2023-04-02 11:25:11.273;28333
C03/2023/04/S5p_SO2-COBRA_28334.nc;2023-04-02 12:53:02.193;2023-04-02 13:05:39.855;28334
C03/2023/04/S5p_SO2-COBRA_28335.nc;2023-04-02 14:34:32.574;2023-04-02 14:46:18.998;28335
C03/2023/04/S5p_SO2-COBRA_28345.nc;2023-04-03 07:41:24.606;2023-04-03 07:43:17.164;28345
C03/2023/04/S5p_SO2-COBRA_28346.nc;2023-04-03 09:13:03.281;2023-04-03 09:24:48.025;28346
C03/2023/04/S5p_SO2-COBRA_28347.nc;2023-04-03 10:52:33.145;2023-04-03 11:06:18.006;28347
C03/2023/04/S5p_SO2-COBRA_28348.nc;2023-04-03 12:34:02.326;2023-04-03 12:47:02.668;28348
C03/2023/04/S5p_SO2-COBRA_28349.nc;2023-04-03 14:15:32.467;2023-04-03 14:27:39.891;28349
C03/2023/04/S5p_SO2-COBRA_28350.nc;2023-04-03 15:57:02.249;2023-04-03 16:06:38.476;28350
C03/2023/04/S5p_SO2-COBRA_28359.nc;2023-04-04 07:23:05.298;2023-04-04 07:24:24.256;28359
C03/2023/04/S5p_SO2-COBRA_28360.nc;2023-04-04 08:56:44.930;2023-04-04 09:05:44.198;28360
C03/2023/04/S5p_SO2-COBRA_28361.nc;2023-04-04 10:33:36.678;2023-04-04 10:47:24.898;28361
C03/2023/04/S5p_SO2-COBRA_28362.nc;2023-04-04 12:15:02.739;2023-04-04 12:28:14.000;28362
C03/2023/04/S5p_SO2-COBRA_28363.nc;2023-04-04 13:56:32.999;2023-04-04 14:08:47.982;28363
C03/2023/04/S5p_SO2-COBRA_28364.nc;2023-04-04 15:38:02.901;2023-04-04 15:48:14.406;28364
C03/2023/04/S5p_SO2-COBRA_28373.nc;2023-04-05 07:04:25.989;2023-04-05 07:05:30.668;28373
C03/2023/04/S5p_SO2-COBRA_28374.nc;2023-04-05 08:39:49.599;2023-04-05 08:47:01.349;28374
C03/2023/04/S5p_SO2-COBRA_28375.nc;2023-04-05 10:14:47.349;2023-04-05 10:28:26.330;28375
C03/2023/04/S5p_SO2-COBRA_28376.nc;2023-04-05 11:56:03.090;2023-04-05 12:09:34.511;28376
C03/2023/04/S5p_SO2-COBRA_28377.nc;2023-04-05 13:37:32.511;2023-04-05 13:50:06.814;28377
C03/2023/04/S5p_SO2-COBRA_28378.nc;2023-04-05 15:19:02.532;2023-04-05 15:30:48.956;28378
C03/2023/04/S5p_SO2-COBRA_28387.nc;2023-04-06 06:46:08.219;2023-04-06 06:46:37.618;28387
C03/2023/04/S5p_SO2-COBRA_28388.nc;2023-04-06 08:22:28.287;2023-04-06 08:28:07.639;28388
C03/2023/04/S5p_SO2-COBRA_28389.nc;2023-04-06 09:56:06.239;2023-04-06 10:09:39.340;28389
C03/2023/04/S5p_SO2-COBRA_28390.nc;2023-04-06 11:37:02.661;2023-04-06 11:50:58.441;28390
C03/2023/04/S5p_SO2-COBRA_28391.nc;2023-04-06 13:18:32.442;2023-04-06 13:31:16.824;28391
C03/2023/04/S5p_SO2-COBRA_28392.nc;2023-04-06 15:00:02.462;2023-04-06 15:12:04.006;28392
C03/2023/04/S5p_SO2-COBRA_28402.nc;2023-04-07 08:04:48.375;2023-04-07 08:09:01.209;28402
C03/2023/04/S5p_SO2-COBRA_28403.nc;2023-04-07 09:37:32.568;2023-04-07 09:50:41.310;28403
C03/2023/04/S5p_SO2-COBRA_28404.nc;2023-04-07 11:18:02.951;2023-04-07 11:32:05.451;28404
C03/2023/04/S5p_SO2-COBRA_28405.nc;2023-04-07 12:59:32.971;2023-04-07 13:12:35.833;28405
C03/2023/04/S5p_SO2-COBRA_28406.nc;2023-04-07 14:41:02.752;2023-04-07 14:53:17.735;28406
C03/2023/04/S5p_SO2-COBRA_28416.nc;2023-04-08 07:46:54.783;2023-04-08 07:50:21.418;28416
C03/2023/04/S5p_SO2-COBRA_28417.nc;2023-04-08 09:19:04.536;2023-04-08 09:31:52.278;28417
C03/2023/04/S5p_SO2-COBRA_28418.nc;2023-04-08 10:59:02.399;2023-04-08 11:13:23.379;28418
C03/2023/04/S5p_SO2-COBRA_28419.nc;2023-04-08 12:40:33.020;2023-04-08 12:53:37.562;28419
C03/2023/04/S5p_SO2-COBRA_28420.nc;2023-04-08 14:22:02.441;2023-04-08 14:34:34.223;28420
C03/2023/04/S5p_SO2-COBRA_28421.nc;2023-04-08 16:03:32.462;2023-04-08 16:05:54.418;28421
C03/2023/04/S5p_SO2-COBRA_28430.nc;2023-04-09 07:28:52.068;2023-04-09 07:31:27.464;28430
C03/2023/04/S5p_SO2-COBRA_28431.nc;2023-04-09 09:02:44.779;2023-04-09 09:12:58.804;28431
C03/2023/04/S5p_SO2-COBRA_28432.nc;2023-04-09 10:40:04.485;2023-04-09 10:54:26.305;28432
C03/2023/04/S5p_SO2-COBRA_28433.nc;2023-04-09 12:21:32.586;2023-04-09 12:35:03.167;28433
C03/2023/04/S5p_SO2-COBRA_28434.nc;2023-04-09 14:03:02.846;2023-04-09 14:15:41.349;28434
C03/2023/04/S5p_SO2-COBRA_28435.nc;2023-04-09 15:44:32.867;2023-04-09 15:56:28.530;28435
C03/2023/04/S5p_SO2-COBRA_28444.nc;2023-04-10 07:11:09.632;2023-04-10 07:12:35.310;28444
C03/2023/04/S5p_SO2-COBRA_28445.nc;2023-04-10 08:45:40.742;2023-04-10 08:54:05.570;28445
C03/2023/04/S5p_SO2-COBRA_28446.nc;2023-04-10 10:21:12.571;2023-04-10 10:35:31.871;28446
C03/2023/04/S5p_SO2-COBRA_28447.nc;2023-04-10 12:02:32.872;2023-04-10 12:16:21.933;28447
C03/2023/04/S5p_SO2-COBRA_28448.nc;2023-04-10 13:44:02.892;2023-04-10 13:56:53.155;28448
C03/2023/04/S5p_SO2-COBRA_28449.nc;2023-04-10 15:25:32.073;2023-04-10 15:37:41.176;28449
C03/2023/04/S5p_SO2-COBRA_28458.nc;2023-04-11 06:52:30.915;2023-04-11 06:53:41.474;28458
C03/2023/04/S5p_SO2-COBRA_28459.nc;2023-04-11 08:28:27.464;2023-04-11 08:35:12.334;28459
C03/2023/04/S5p_SO2-COBRA_28460.nc;2023-04-11 10:02:28.695;2023-04-11 10:16:42.955;28460
C03/2023/04/S5p_SO2-COBRA_28461.nc;2023-04-11 11:43:32.916;2023-04-11 11:57:33.737;28461
C03/2023/04/S5p_SO2-COBRA_28462.nc;2023-04-11 13:25:02.457;2023-04-11 13:38:01.119;28462
C03/2023/04/S5p_SO2-COBRA_28463.nc;2023-04-11 15:06:32.117;2023-04-11 15:19:03.060;28463
C03/2023/04/S5p_SO2-COBRA_28472.nc;2023-04-12 06:34:05.280;2023-04-12 06:34:48.119;28472
C03/2023/04/S5p_SO2-COBRA_28473.nc;2023-04-12 08:10:52.587;2023-04-12 08:16:18.500;28473
C03/2023/04/S5p_SO2-COBRA_28474.nc;2023-04-12 09:44:01.980;2023-04-12 09:57:45.161;28474
C03/2023/04/S5p_SO2-COBRA_28475.nc;2023-04-12 11:24:32.602;2023-04-12 11:38:51.902;28475
C03/2023/04/S5p_SO2-COBRA_28476.nc;2023-04-12 13:06:02.262;2023-04-12 13:19:18.564;28476
C03/2023/04/S5p_SO2-COBRA_28477.nc;2023-04-12 14:47:32.643;2023-04-12 15:00:12.825;28477
C03/2023/04/S5p_SO2-COBRA_28486.nc;2023-04-13 06:15:39.245;2023-04-13 06:15:54.365;28486
C03/2023/04/S5p_SO2-COBRA_28487.nc;2023-04-13 07:53:03.152;2023-04-13 07:57:25.225;28487
C03/2023/04/S5p_SO2-COBRA_28488.nc;2023-04-13 09:25:22.985;2023-04-13 09:38:50.206;28488
C03/2023/04/S5p_SO2-COBRA_28489.nc;2023-04-13 11:05:32.608;2023-04-13 11:20:14.587;28489
C03/2023/04/S5p_SO2-COBRA_28490.nc;2023-04-13 12:47:01.788;2023-04-13 13:00:29.849;28490
C03/2023/04/S5p_SO2-COBRA_28491.nc;2023-04-13 14:28:31.808;2023-04-13 14:41:22.070;28491
C03/2023/04/S5p_SO2-COBRA_28501.nc;2023-04-14 07:35:03.195;2023-04-14 07:38:31.510;28501
C03/2023/04/S5p_SO2-COBRA_28502.nc;2023-04-14 09:07:59.987;2023-04-14 09:20:01.531;28502
C03/2023/04/S5p_SO2-COBRA_28503.nc;2023-04-14 10:46:33.131;2023-04-14 11:01:31.909;28503
C03/2023/04/S5p_SO2-COBRA_28504.nc;2023-04-14 12:28:02.307;2023-04-14 12:41:46.327;28504
C03/2023/04/S5p_SO2-COBRA_28505.nc;2023-04-14 14:09:31.963;2023-04-14 14:22:38.184;28505
C03/2023/04/S5p_SO2-COBRA_28506.nc;2023-04-14 15:51:02.221;2023-04-14 16:03:12.164;28506
C03/2023/04/S5p_SO2-COBRA_28515.nc;2023-04-15 07:16:54.583;2023-04-15 07:19:36.699;28515
C03/2023/04/S5p_SO2-COBRA_28516.nc;2023-04-15 08:51:38.652;2023-04-15 09:01:08.159;28516
C03/2023/04/S5p_SO2-COBRA_28517.nc;2023-04-15 10:27:37.961;2023-04-15 10:42:35.900;28517
C03/2023/04/S5p_SO2-COBRA_28518.nc;2023-04-15 12:09:02.101;2023-04-15 12:22:57.042;28518
C03/2023/04/S5p_SO2-COBRA_28519.nc;2023-04-15 13:50:31.642;2023-04-15 14:03:45.423;28519
C03/2023/04/S5p_SO2-COBRA_28520.nc;2023-04-15 15:32:01.663;2023-04-15 15:44:38.485;28520
C03/2023/04/S5p_SO2-COBRA_28529.nc;2023-04-16 06:58:40.467;2023-04-16 07:00:43.944;28529
C03/2023/04/S5p_SO2-COBRA_28530.nc;2023-04-16 08:34:23.935;2023-04-16 08:42:14.324;28530
C03/2023/04/S5p_SO2-COBRA_28531.nc;2023-04-16 10:08:51.445;2023-04-16 10:23:17.465;28531
C03/2023/04/S5p_SO2-COBRA_28532.nc;2023-04-16 11:50:02.386;2023-04-16 12:04:12.447;28532
C03/2023/04/S5p_SO2-COBRA_28533.nc;2023-04-16 13:31:31.927;2023-04-16 13:44:49.068;28533
C03/2023/04/S5p_SO2-COBRA_28534.nc;2023-04-16 15:13:01.588;2023-04-16 15:25:53.530;28534
C03/2023/04/S5p_SO2-COBRA_28543.nc;2023-04-17 06:40:20.471;2023-04-17 06:41:50.349;28543
C03/2023/04/S5p_SO2-COBRA_28544.nc;2023-04-17 08:16:56.978;2023-04-17 08:23:18.330;28544
C03/2023/04/S5p_SO2-COBRA_28545.nc;2023-04-17 09:50:13.571;2023-04-17 10:04:30.351;28545
C03/2023/04/S5p_SO2-COBRA_28546.nc;2023-04-17 11:31:01.592;2023-04-17 11:45:25.932;28546
C03/2023/04/S5p_SO2-COBRA_28547.nc;2023-04-17 13:12:31.612;2023-04-17 13:26:04.713;28547
C03/2023/04/S5p_SO2-COBRA_28548.nc;2023-04-17 14:54:01.993;2023-04-17 15:07:07.374;28548
C03/2023/04/S5p_SO2-COBRA_28557.nc;2023-04-18 06:21:57.416;2023-04-18 06:22:47.815;28557
C03/2023/04/S5p_SO2-COBRA_28558.nc;2023-04-18 07:59:14.002;2023-04-18 08:04:02.956;28558
C03/2023/04/S5p_SO2-COBRA_28559.nc;2023-04-18 09:31:42.116;2023-04-18 09:45:57.216;28559
C03/2023/04/S5p_SO2-COBRA_28560.nc;2023-04-18 11:12:01.458;2023-04-18 11:26:48.477;28560
C03/2023/04/S5p_SO2-COBRA_28561.nc;2023-04-18 12:53:31.477;2023-04-18 13:07:12.977;28561
C03/2023/04/S5p_SO2-COBRA_28562.nc;2023-04-18 14:35:01.733;2023-04-18 14:48:13.834;28562
C03/2023/04/S5p_SO2-COBRA_28571.nc;2023-04-19 06:03:36.326;2023-04-19 06:03:58.166;28571
C03/2023/04/S5p_SO2-COBRA_28572.nc;2023-04-19 07:41:15.353;2023-04-19 07:45:19.787;28572
C03/2023/04/S5p_SO2-COBRA_28573.nc;2023-04-19 09:13:30.146;2023-04-19 09:26:54.007;28573
C03/2023/04/S5p_SO2-COBRA_28574.nc;2023-04-19 10:53:02.449;2023-04-19 11:08:07.108;28574
C03/2023/04/S5p_SO2-COBRA_28575.nc;2023-04-19 12:34:31.870;2023-04-19 12:48:27.650;28575
C03/2023/04/S5p_SO2-COBRA_28576.nc;2023-04-19 14:16:01.890;2023-04-19 14:29:17.351;28576
C03/2023/04/S5p_SO2-COBRA_28577.nc;2023-04-19 15:57:32.150;2023-04-19 16:10:06.452;28577
C03/2023/04/S5p_SO2-COBRA_28586.nc;2023-04-20 07:23:49.833;2023-04-20 07:26:37.830;28586
C03/2023/04/S5p_SO2-COBRA_28587.nc;2023-04-20 08:57:36.184;2023-04-20 09:08:09.529;28587
C03/2023/04/S5p_SO2-COBRA_28588.nc;2023-04-20 10:34:05.491;2023-04-20 10:49:29.469;28588
C03/2023/04/S5p_SO2-COBRA_28589.nc;2023-04-20 12:15:32.031;2023-04-20 12:29:43.771;28589
C03/2023/04/S5p_SO2-COBRA_28590.nc;2023-04-20 13:57:02.051;2023-04-20 14:10:21.712;28590
C03/2023/04/S5p_SO2-COBRA_28591.nc;2023-04-20 15:38:32.071;2023-04-20 15:51:25.693;28591
C03/2023/04/S5p_SO2-COBRA_28600.nc;2023-04-21 07:05:07.389;2023-04-21 07:07:41.946;28600
C03/2023/04/S5p_SO2-COBRA_28601.nc;2023-04-21 08:40:18.338;2023-04-21 08:48:41.487;28601
C03/2023/04/S5p_SO2-COBRA_28602.nc;2023-04-21 10:15:16.328;2023-04-21 10:30:45.346;28602
C03/2023/04/S5p_SO2-COBRA_28603.nc;2023-04-21 11:56:32.308;2023-04-21 12:10:56.648;28603
C03/2023/04/S5p_SO2-COBRA_28604.nc;2023-04-21 13:38:02.208;2023-04-21 13:51:30.269;28604
C03/2023/04/S5p_SO2-COBRA_28605.nc;2023-04-21 15:19:31.508;2023-04-21 15:32:52.010;28605
C03/2023/04/S5p_SO2-COBRA_28614.nc;2023-04-22 06:47:06.951;2023-04-22 06:48:50.268;28614
C03/2023/04/S5p_SO2-COBRA_28615.nc;2023-04-22 08:23:21.378;2023-04-22 08:30:12.128;28615
C03/2023/04/S5p_SO2-COBRA_28616.nc;2023-04-22 09:56:34.970;2023-04-22 10:11:51.389;28616
C03/2023/04/S5p_SO2-COBRA_28617.nc;2023-04-22 11:37:31.631;2023-04-22 11:52:10.251;28617
C03/2023/04/S5p_SO2-COBRA_28618.nc;2023-04-22 13:19:01.651;2023-04-22 13:32:37.272;28618
C03/2023/04/S5p_SO2-COBRA_28619.nc;2023-04-22 15:00:31.552;2023-04-22 15:13:47.013;28619
C03/2023/04/S5p_SO2-COBRA_28628.nc;2023-04-23 06:28:15.633;2023-04-23 06:29:56.431;28628
C03/2023/04/S5p_SO2-COBRA_28629.nc;2023-04-23 08:05:16.859;2023-04-23 08:11:26.451;28629
C03/2023/04/S5p_SO2-COBRA_28630.nc;2023-04-23 09:38:01.892;2023-04-23 09:52:56.471;28630
C03/2023/04/S5p_SO2-COBRA_28631.nc;2023-04-23 11:18:32.273;2023-04-23 11:33:26.852;28631
C03/2023/04/S5p_SO2-COBRA_28632.nc;2023-04-23 13:00:01.693;2023-04-23 13:13:44.874;28632
C03/2023/04/S5p_SO2-COBRA_28633.nc;2023-04-23 14:41:32.193;2023-04-23 14:54:52.695;28633
C03/2023/04/S5p_SO2-COBRA_28642.nc;2023-04-24 06:09:50.473;2023-04-24 06:11:01.872;28642
C03/2023/04/S5p_SO2-COBRA_28643.nc;2023-04-24 07:47:23.619;2023-04-24 07:52:32.732;28643
C03/2023/04/S5p_SO2-COBRA_28644.nc;2023-04-24 09:19:32.533;2023-04-24 09:34:02.752;28644
C03/2023/04/S5p_SO2-COBRA_28645.nc;2023-04-24 10:59:31.835;2023-04-24 11:14:43.214;28645
C03/2023/04/S5p_SO2-COBRA_28646.nc;2023-04-24 12:41:01.855;2023-04-24 12:54:57.636;28646
C03/2023/04/S5p_SO2-COBRA_28647.nc;2023-04-24 14:22:32.116;2023-04-24 14:35:59.337;28647
C03/2023/04/S5p_SO2-COBRA_28648.nc;2023-04-24 16:04:02.136;2023-04-24 16:17:07.517;28648
C03/2023/04/S5p_SO2-COBRA_28656.nc;2023-04-25 05:51:22.315;2023-04-25 05:52:07.674;28656
C03/2023/04/S5p_SO2-COBRA_28657.nc;2023-04-25 07:29:21.020;2023-04-25 07:33:38.054;28657
C03/2023/04/S5p_SO2-COBRA_28658.nc;2023-04-25 09:02:51.892;2023-04-25 09:15:08.555;28658
C03/2023/04/S5p_SO2-COBRA_28659.nc;2023-04-25 10:40:33.677;2023-04-25 10:56:01.856;28659
C03/2023/04/S5p_SO2-COBRA_28660.nc;2023-04-25 12:22:02.017;2023-04-25 12:36:09.557;28660
C03/2023/04/S5p_SO2-COBRA_28661.nc;2023-04-25 14:03:32.038;2023-04-25 14:16:52.539;28661
C03/2023/04/S5p_SO2-COBRA_28662.nc;2023-04-25 15:45:02.298;2023-04-25 15:58:20.279;28662
C03/2023/04/S5p_SO2-COBRA_28670.nc;2023-04-26 05:32:53.435;2023-04-26 05:33:12.755;28670
C03/2023/04/S5p_SO2-COBRA_28671.nc;2023-04-26 07:11:12.780;2023-04-26 07:14:43.615;28671
C03/2023/04/S5p_SO2-COBRA_28672.nc;2023-04-26 08:46:08.369;2023-04-26 08:56:13.995;28672
C03/2023/04/S5p_SO2-COBRA_28673.nc;2023-04-26 10:21:41.037;2023-04-26 10:37:20.136;28673
C03/2023/04/S5p_SO2-COBRA_28674.nc;2023-04-26 12:03:01.338;2023-04-26 12:17:24.838;28674
C03/2023/04/S5p_SO2-COBRA_28675.nc;2023-04-26 13:44:31.599;2023-04-26 13:57:55.460;28675
C03/2023/04/S5p_SO2-COBRA_28676.nc;2023-04-26 15:26:01.259;2023-04-26 15:39:23.440;28676
C03/2023/04/S5p_SO2-COBRA_28685.nc;2023-04-27 06:52:56.740;2023-04-27 06:55:48.936;28685
C03/2023/04/S5p_SO2-COBRA_28686.nc;2023-04-27 08:28:54.607;2023-04-27 08:37:12.716;28686
C03/2023/04/S5p_SO2-COBRA_28687.nc;2023-04-27 10:02:56.678;2023-04-27 10:18:45.856;28687
C03/2023/04/S5p_SO2-COBRA_28688.nc;2023-04-27 11:44:01.139;2023-04-27 11:58:46.478;28688
C03/2023/04/S5p_SO2-COBRA_28689.nc;2023-04-27 13:25:31.399;2023-04-27 13:39:05.340;28689
C03/2023/04/S5p_SO2-COBRA_28690.nc;2023-04-27 15:07:01.659;2023-04-27 15:20:24.681;28690
C03/2023/04/S5p_SO2-COBRA_28699.nc;2023-04-28 06:34:36.259;2023-04-28 06:36:54.016;28699
C03/2023/04/S5p_SO2-COBRA_28700.nc;2023-04-28 08:11:20.686;2023-04-28 08:18:18.996;28700
C03/2023/04/S5p_SO2-COBRA_28701.nc;2023-04-28 09:44:20.598;2023-04-28 09:59:54.656;28701
C03/2023/04/S5p_SO2-COBRA_28702.nc;2023-04-28 11:25:01.419;2023-04-28 11:40:02.718;28702
C03/2023/04/S5p_SO2-COBRA_28703.nc;2023-04-28 13:06:30.959;2023-04-28 13:20:10.780;28703
C03/2023/04/S5p_SO2-COBRA_28704.nc;2023-04-28 14:48:01.220;2023-04-28 15:01:27.601;28704
C03/2023/04/S5p_SO2-COBRA_28713.nc;2023-04-29 06:16:07.458;2023-04-29 06:17:59.176;28713
C03/2023/04/S5p_SO2-COBRA_28714.nc;2023-04-29 07:53:31.004;2023-04-29 07:59:29.676;28714
C03/2023/04/S5p_SO2-COBRA_28715.nc;2023-04-29 09:25:51.077;2023-04-29 09:41:00.776;28715
C03/2023/04/S5p_SO2-COBRA_28716.nc;2023-04-29 11:06:01.299;2023-04-29 11:21:10.998;28716
C03/2023/04/S5p_SO2-COBRA_28717.nc;2023-04-29 12:47:31.319;2023-04-29 13:01:21.220;28717
C03/2023/04/S5p_SO2-COBRA_28718.nc;2023-04-29 14:29:00.739;2023-04-29 14:42:15.361;28718
C03/2023/04/S5p_SO2-COBRA_28719.nc;2023-04-29 16:23:00.862;2023-04-29 16:23:58.820;28719
C03/2023/04/S5p_SO2-COBRA_28727.nc;2023-04-30 05:57:44.936;2023-04-30 05:59:04.734;28727
C03/2023/04/S5p_SO2-COBRA_28728.nc;2023-04-30 07:35:30.681;2023-04-30 07:40:01.995;28728
C03/2023/04/S5p_SO2-COBRA_28729.nc;2023-04-30 09:08:24.473;2023-04-30 09:21:05.496;28729
C03/2023/04/S5p_SO2-COBRA_28730.nc;2023-04-30 10:47:01.097;2023-04-30 11:02:28.436;28730
C03/2023/04/S5p_SO2-COBRA_28731.nc;2023-04-30 12:28:30.517;2023-04-30 12:42:30.498;28731
C03/2023/04/S5p_SO2-COBRA_28732.nc;2023-04-30 14:10:00.898;2023-04-30 14:23:28.119;28732
C03/2023/04/S5p_SO2-COBRA_28733.nc;2023-04-30 15:51:30.558;2023-04-30 16:04:56.939;28733
